customer_id,full_name,email,country,signup_timestamp,acquisition_channel
CUST_00001,Allison Hill,donaldgarcia@example.net,United States,2025-03-28 11:21:41,Social Media
CUST_00002,Angie Henderson,davisjesse@example.net,Canada,2025-07-10 05:06:54,Paid Ads
CUST_00003,Cristian Santos,lrobinson@example.com,India,2025-03-21 14:38:54,Referral
CUST_00004,Abigail Shaffer,jpeterson@example.org,France,2025-03-09 12:39:26,Email Campaign
CUST_00005,Gabrielle Davis,howardmaurice@example.com,United States,2025-01-25 16:28:19,Organic Search
CUST_00006,Monica Herrera,smiller@example.net,Canada,2025-06-19 19:42:26,Referral
CUST_00007,Shannon Ray,williamsjeremy@example.com,France,2025-01-21 14:39:58,Paid Ads
CUST_00008,Dr. Sharon James,xreid@example.org,Canada,2025-11-22 20:24:58,Email Campaign
CUST_00009,Daniel Adams,lynchgeorge@example.net,Australia,2025-08-05 01:51:02,Organic Search
CUST_00010,Joel Nelson,gabriellecameron@example.org,India,2025-05-05 00:15:55,Email Campaign
CUST_00011,Andrew Stewart,carl95@example.org,United Kingdom,2025-09-22 06:43:45,Paid Ads
CUST_00012,Jennifer Rocha,ithomas@example.org,Australia,2025-06-17 05:44:21,Social Media
CUST_00013,Kimberly Burgess,zhurst@example.com,United States,2025-03-21 09:20:15,Email Campaign
CUST_00014,Zachary Hicks,camposmichelle@example.org,United Kingdom,2025-03-17 02:55:26,Social Media
CUST_00015,Rebecca Henderson,cruzcaitlin@example.com,Australia,2025-07-25 11:01:34,Organic Search
CUST_00016,Tricia Valencia,frazierdanny@example.net,France,2025-12-23 20:18:01,Organic Search
CUST_00017,Patricia Peterson,ryan70@example.net,United States,2025-10-22 00:23:32,Referral
CUST_00018,Deborah Mason,williamrodriguez@example.net,Australia,2025-08-16 17:14:21,Referral
CUST_00019,Mark Lynch,nathanielmartin@example.net,France,2025-10-08 21:21:55,Paid Ads
CUST_00020,Linda Burns,hickmannatasha@example.com,United States,2025-02-24 00:36:07,Paid Ads
CUST_00021,David Bradley,millertodd@example.org,United States,2025-08-13 18:34:57,Paid Ads
CUST_00022,Kim Martinez,karroyo@example.com,Germany,2025-03-20 10:48:11,Social Media
CUST_00023,Lisa Brandt,jenniferross@example.net,India,2025-12-19 04:10:50,Social Media
CUST_00024,Jessica Holmes,wrightcaleb@example.org,United Kingdom,2025-05-07 08:05:31,Social Media
CUST_00025,Crystal Robinson,zimmermanbrian@example.org,India,2025-06-12 17:29:38,Social Media
CUST_00026,Shannon Jones,joshuawashington@example.net,France,2025-02-25 11:02:21,Paid Ads
CUST_00027,Timothy Duncan,esanchez@example.com,Canada,2025-07-10 03:36:23,Email Campaign
CUST_00028,Brent Jordan,ujenkins@example.org,United Kingdom,2025-10-22 17:33:43,Referral
CUST_00029,Victoria Garcia,zchandler@example.org,India,2025-06-20 13:55:24,Social Media
CUST_00030,Connor West,dwhite@example.org,Canada,2025-02-13 10:45:32,Organic Search
CUST_00031,Angela Morton,williamsyvette@example.org,Germany,2025-09-03 00:28:15,Social Media
CUST_00032,Tammy Allison,richardolson@example.com,Canada,2025-02-21 09:50:42,Referral
CUST_00033,Carmen Smith,ybaker@example.com,Canada,2025-09-02 10:01:15,Email Campaign
CUST_00034,Michael Cross,smoore@example.org,India,2025-11-04 07:06:47,Email Campaign
CUST_00035,Lauren Daniels,brian97@example.net,United Kingdom,2025-04-21 23:19:10,Paid Ads
CUST_00036,Kim Brown,yorkcasey@example.org,India,2025-07-11 13:28:11,Referral
CUST_00037,Cynthia Wilson,bethwilliams@example.org,India,2025-07-24 01:51:30,Referral
CUST_00038,Kevin Mills,james53@example.com,France,2025-11-29 18:35:07,Email Campaign
CUST_00039,Michael Evans,sarah10@example.com,Canada,2025-10-09 04:06:10,Paid Ads
CUST_00040,Kristine Garcia,williamanderson@example.com,United States,2026-01-19 07:48:07,Organic Search
CUST_00041,Sherry Wood,samueldaniels@example.com,Canada,2025-03-27 04:00:28,Paid Ads
CUST_00042,Victoria Valdez,contrerasangela@example.net,France,2025-11-24 21:37:55,Organic Search
CUST_00043,Shawn Baker,newtoneric@example.com,Germany,2025-10-26 20:34:57,Referral
CUST_00044,Michelle Harris,william40@example.org,France,2025-12-30 13:04:56,Social Media
CUST_00045,Sandra Williams,kellie42@example.net,India,2025-01-09 22:01:18,Organic Search
CUST_00046,Michael Hoffman,jonesnicole@example.org,Australia,2025-07-27 05:58:55,Social Media
CUST_00047,Sandra Aguilar,russellwilliams@example.com,United Kingdom,2025-03-28 15:28:59,Email Campaign
CUST_00048,Rebecca Valencia,jason31@example.com,Germany,2025-05-03 20:16:27,Organic Search
CUST_00049,Stacey Russell,sarayoung@example.org,France,2025-07-24 13:55:39,Paid Ads
CUST_00050,Rita Keith,whitesandra@example.com,Australia,2025-03-24 15:38:29,Social Media
CUST_00051,Sharon Cochran,erik16@example.org,Canada,2025-06-04 11:58:18,Social Media
CUST_00052,Courtney Velasquez,ybailey@example.org,France,2025-05-06 11:29:32,Referral
CUST_00053,Matthew Ross,michelle45@example.net,France,2025-01-01 10:39:39,Social Media
CUST_00054,Meghan Anthony,sheila14@example.org,United States,2026-01-15 12:16:14,Organic Search
CUST_00055,Victoria Johnson,yreed@example.com,Australia,2025-10-09 22:27:06,Social Media
CUST_00056,William Wilson,jonathanfletcher@example.org,United States,2025-07-05 23:42:52,Paid Ads
CUST_00057,Renee Mcdaniel,michaeljones@example.net,United States,2025-03-03 04:08:16,Email Campaign
CUST_00058,Lisa Alvarado,cortezkevin@example.com,Australia,2025-02-23 18:12:53,Referral
CUST_00059,Erika Terry,jamesortega@example.com,Canada,2025-04-08 16:20:45,Email Campaign
CUST_00060,Stephanie Gilbert,richard04@example.com,United Kingdom,2025-05-09 06:11:22,Referral
CUST_00061,Richard Lawson,steven73@example.net,Canada,2025-11-25 15:51:46,Referral
CUST_00062,Steven Flynn,donnacampbell@example.net,India,2025-06-06 05:43:39,Social Media
CUST_00063,Frances Cardenas,emilywalker@example.org,India,2025-11-06 21:45:19,Social Media
CUST_00064,Angel Riggs,gibsonolivia@example.net,France,2025-12-07 06:46:38,Email Campaign
CUST_00065,Michael Snyder,dylanwatts@example.org,Canada,2025-04-04 23:40:54,Paid Ads
CUST_00066,Colleen Brock,pwilliams@example.org,United Kingdom,2025-02-19 17:31:45,Organic Search
CUST_00067,Robert Contreras,stephanie79@example.net,France,2025-06-28 17:38:58,Paid Ads
CUST_00068,Jessica Meadows,vmerritt@example.com,United States,2025-01-06 14:02:49,Organic Search
CUST_00069,Paul Larsen,katie87@example.net,United States,2025-06-27 19:47:03,Organic Search
CUST_00070,Jeremiah Reeves,josephflores@example.net,United States,2025-09-14 15:38:00,Referral
CUST_00071,Chris Reyes,jasminebrown@example.com,United Kingdom,2025-07-04 20:43:40,Email Campaign
CUST_00072,John Brown,xprice@example.net,France,2025-06-16 09:39:48,Paid Ads
CUST_00073,Alicia Gilmore,wwoods@example.com,Canada,2026-01-03 03:13:35,Email Campaign
CUST_00074,Sarah Ashley,vmedina@example.net,Canada,2025-11-13 04:08:51,Organic Search
CUST_00075,Stephanie Freeman,ryan06@example.com,India,2025-03-17 06:55:16,Email Campaign
CUST_00076,Rebecca Ramsey,ncalhoun@example.net,Germany,2025-10-03 04:35:07,Email Campaign
CUST_00077,James Elliott,millerroy@example.com,Australia,2025-12-29 17:58:14,Organic Search
CUST_00078,David Murphy,wmurphy@example.com,United States,2025-03-18 10:38:31,Email Campaign
CUST_00079,Trevor Fisher,ruizkaitlyn@example.org,Australia,2025-09-21 13:03:32,Organic Search
CUST_00080,Mrs. Marie Harrington DDS,herringjames@example.org,Canada,2025-07-13 03:17:24,Paid Ads
CUST_00081,Cynthia Wells,elliottjeffery@example.net,Canada,2025-12-15 10:45:45,Email Campaign
CUST_00082,Jacob Obrien,stricklandfrank@example.com,United Kingdom,2025-05-23 12:27:53,Email Campaign
CUST_00083,Alexander Collins,tsanders@example.org,Australia,2025-07-14 00:43:46,Organic Search
CUST_00084,Michael Burton,terrykevin@example.net,Australia,2025-12-11 04:33:20,Referral
CUST_00085,Barbara Riggs,reedross@example.com,United States,2025-03-18 01:09:03,Referral
CUST_00086,Matthew Smith,gshort@example.com,United States,2025-01-12 11:06:22,Paid Ads
CUST_00087,Madison Poole,ryangross@example.net,Germany,2025-05-10 04:15:49,Email Campaign
CUST_00088,Robert Medina,umarshall@example.net,Canada,2026-01-09 21:10:16,Email Campaign
CUST_00089,Samuel Rivas,ramirezshannon@example.com,Canada,2025-02-15 13:02:35,Email Campaign
CUST_00090,Mary Rogers,lrosales@example.com,Germany,2025-01-02 16:10:44,Social Media
CUST_00091,Robert Peterson,angela83@example.org,United Kingdom,2025-12-20 09:58:14,Email Campaign
CUST_00092,Jason Peters,hannahbrewer@example.com,Canada,2026-01-14 00:12:45,Paid Ads
CUST_00093,Alan Phillips,tholt@example.net,Canada,2025-08-19 11:02:05,Organic Search
CUST_00094,Kara Schmidt,jbarajas@example.com,India,2025-02-17 08:19:53,Social Media
CUST_00095,Jesse Parker,davidlee@example.org,United States,2025-02-14 09:38:16,Referral
CUST_00096,Tiffany Vaughn,javierwashington@example.net,France,2026-01-06 07:58:55,Referral
CUST_00097,Paige Carlson,wallkenneth@example.com,United States,2025-05-03 06:45:31,Referral
CUST_00098,Adrian Ferguson,brandon08@example.com,Australia,2025-03-04 05:23:09,Paid Ads
CUST_00099,Beth Oneill,agarcia@example.net,France,2025-02-23 05:19:48,Organic Search
CUST_00100,John Peterson,kingmichelle@example.org,Germany,2025-07-02 16:31:06,Organic Search
CUST_00101,Jennifer Jones,hernandezlisa@example.com,France,2025-07-11 05:47:12,Referral
CUST_00102,David Grant,yobrien@example.net,France,2025-01-31 20:50:17,Organic Search
CUST_00103,Joseph Hayes,levans@example.com,India,2025-11-22 14:55:07,Referral
CUST_00104,Marc Lynch,mezajared@example.org,United Kingdom,2025-09-03 17:33:40,Paid Ads
CUST_00105,Brad Allen,moorericky@example.net,Canada,2025-09-02 00:48:42,Social Media
CUST_00106,Doris Hall,jacqueline71@example.net,Canada,2025-11-04 09:58:58,Social Media
CUST_00107,Dennis Moody,ronaldstephens@example.net,United Kingdom,2025-12-22 03:17:01,Organic Search
CUST_00108,Derek Thomas,martinkyle@example.net,Germany,2025-01-08 05:39:09,Referral
CUST_00109,Tammy Gonzales,sbarker@example.com,United States,2025-03-19 15:47:08,Referral
CUST_00110,Kathryn Snyder,georgepamela@example.net,France,2025-06-15 13:29:03,Social Media
CUST_00111,David Davis,keyemily@example.com,United Kingdom,2025-04-13 21:10:09,Organic Search
CUST_00112,Pamela Thompson,lmoon@example.net,United Kingdom,2025-07-09 17:47:29,Social Media
CUST_00113,Robert Costa,vbailey@example.com,Germany,2025-05-03 12:36:50,Referral
CUST_00114,Shannon Rivera,zroberts@example.net,France,2025-08-23 23:19:41,Referral
CUST_00115,Brandon King,cordovarichard@example.net,India,2025-01-07 01:49:59,Referral
CUST_00116,April Booth,mgutierrez@example.net,India,2025-08-21 12:49:27,Organic Search
CUST_00117,Peter Garrett,harrisandrea@example.com,United Kingdom,2025-04-15 07:22:04,Organic Search
CUST_00118,Michael Martinez,jennifercollins@example.org,India,2025-03-25 03:17:42,Referral
CUST_00119,Anna Gay,murraydavid@example.org,United Kingdom,2025-05-01 17:45:32,Social Media
CUST_00120,Dr. Jordan Hill PhD,jsanchez@example.org,India,2025-06-13 14:25:16,Social Media
CUST_00121,Thomas Romero,michellehill@example.com,India,2025-06-08 03:19:44,Social Media
CUST_00122,Richard Adams,campbellkenneth@example.net,Germany,2026-01-28 13:30:27,Social Media
CUST_00123,Mary Grimes,wryan@example.com,United States,2025-02-09 10:57:36,Email Campaign
CUST_00124,Kimberly Gibson,molly39@example.com,United States,2025-08-03 21:41:35,Organic Search
CUST_00125,Reginald Williams,zthornton@example.com,Australia,2025-09-17 01:56:40,Paid Ads
CUST_00126,Matthew Hoover,tylerjohnson@example.net,Canada,2025-07-23 11:12:00,Email Campaign
CUST_00127,Evelyn Garcia,dgarcia@example.org,France,2025-11-29 04:39:43,Organic Search
CUST_00128,Jennifer Pena,charlesharrington@example.com,United States,2025-03-28 21:28:49,Paid Ads
CUST_00129,Michael Santos,melissa86@example.com,Australia,2025-01-28 23:36:47,Social Media
CUST_00130,Stacy Freeman,williamsonjimmy@example.net,Germany,2025-04-26 00:40:05,Paid Ads
CUST_00131,Yolanda Francis,wgood@example.net,United Kingdom,2025-02-02 11:44:47,Social Media
CUST_00132,Ashlee Jackson,rebecca05@example.org,United Kingdom,2025-01-31 23:41:39,Paid Ads
CUST_00133,James Thomas,yknight@example.org,India,2025-07-13 19:34:17,Organic Search
CUST_00134,Bob Pitts,tyleraguilar@example.org,Australia,2025-10-02 17:02:51,Referral
CUST_00135,David Scott,nolansteven@example.com,France,2025-11-12 15:25:24,Paid Ads
CUST_00136,Brooke Alexander,vanessa46@example.net,Australia,2025-07-03 21:06:13,Paid Ads
CUST_00137,Ryan Gonzalez,gcastaneda@example.org,Germany,2025-05-18 12:29:43,Organic Search
CUST_00138,Ian Phillips,andrew64@example.org,India,2025-05-20 07:31:30,Social Media
CUST_00139,Melissa Garner,lozanojulie@example.com,Australia,2025-11-16 18:53:22,Paid Ads
CUST_00140,Crystal Pham,danaoliver@example.net,Canada,2025-07-27 05:37:08,Organic Search
CUST_00141,Patricia Becker,courtneyberger@example.net,Australia,2025-10-25 03:05:40,Organic Search
CUST_00142,Richard Johnson,jessica14@example.com,Canada,2026-01-01 14:17:52,Paid Ads
CUST_00143,Casey Anderson,alyssa42@example.com,United Kingdom,2025-12-24 12:40:27,Social Media
CUST_00144,Terry Coffey,julie51@example.com,Canada,2025-06-26 18:41:14,Organic Search
CUST_00145,Brenda Levy,zcoffey@example.net,Germany,2025-05-31 00:12:00,Social Media
CUST_00146,Richard Smith,gibsonemily@example.net,Australia,2025-08-05 09:32:14,Organic Search
CUST_00147,James Little,daniel37@example.org,United Kingdom,2025-08-05 19:16:01,Referral
CUST_00148,Terri Murphy,deborahreid@example.com,India,2025-11-07 10:32:42,Referral
CUST_00149,Elizabeth Ortiz,brandonjohnson@example.com,United States,2025-09-15 05:04:51,Organic Search
CUST_00150,David Medina,qchavez@example.net,Canada,2025-07-22 21:24:15,Referral
CUST_00151,Kimberly Matthews,nicolepena@example.com,United States,2025-07-26 04:39:06,Organic Search
CUST_00152,Teresa Ramirez,jeff73@example.com,United Kingdom,2025-12-04 12:51:20,Social Media
CUST_00153,Michael Stephens,bruce43@example.org,France,2025-12-05 22:58:17,Referral
CUST_00154,Samantha Davis,darleneharper@example.org,Germany,2025-03-31 19:47:37,Referral
CUST_00155,Gavin Zhang,caseyhubbard@example.org,United Kingdom,2025-05-28 15:19:30,Organic Search
CUST_00156,Robin Hall,kristinacarlson@example.com,United States,2025-12-05 16:42:04,Referral
CUST_00157,Brianna Anderson,lauren10@example.org,United Kingdom,2025-06-03 01:00:03,Email Campaign
CUST_00158,Richard Young,alfred40@example.org,India,2025-02-24 08:24:22,Social Media
CUST_00159,Kelly Reese,xwest@example.net,India,2025-09-01 19:48:42,Organic Search
CUST_00160,Jodi Walker,acostaregina@example.net,France,2025-08-22 06:24:46,Social Media
CUST_00161,Judith Maynard,lutzmelanie@example.com,United Kingdom,2025-11-14 04:59:44,Email Campaign
CUST_00162,Katherine Browning,lammarc@example.org,France,2025-08-18 15:24:44,Paid Ads
CUST_00163,Donald Schultz,oscar98@example.com,Germany,2025-05-30 00:09:30,Email Campaign
CUST_00164,Larry Garcia,farrelldebra@example.net,France,2025-05-16 04:06:17,Referral
CUST_00165,Cindy Hayes,robertwilcox@example.com,Germany,2025-08-22 18:06:44,Referral
CUST_00166,Brandon Simmons,nicholas27@example.org,United Kingdom,2025-01-01 07:34:02,Social Media
CUST_00167,Bradley Reynolds,lisa80@example.net,Germany,2025-06-13 06:05:21,Referral
CUST_00168,Kristina Santiago,qgomez@example.com,Germany,2025-09-08 07:09:39,Email Campaign
CUST_00169,Michelle Schmitt,michael98@example.org,India,2025-12-10 10:27:21,Paid Ads
CUST_00170,John Boone,megan51@example.com,Australia,2026-01-03 12:49:47,Paid Ads
CUST_00171,Renee Bruce,lynchdiane@example.net,United Kingdom,2025-03-07 20:42:12,Referral
CUST_00172,Christopher Park,sandra50@example.org,United States,2025-09-18 08:21:43,Paid Ads
CUST_00173,Kylie Morales,joycebonilla@example.org,Canada,2025-08-30 02:38:17,Paid Ads
CUST_00174,Cindy Barnes,eric45@example.net,United States,2025-04-25 10:52:37,Organic Search
CUST_00175,Sophia Moore,craigjoseph@example.net,Germany,2025-07-10 04:11:44,Referral
CUST_00176,Lawrence Perry,kariwilson@example.com,Germany,2025-02-26 13:36:59,Email Campaign
CUST_00177,Michael Watkins,brandon69@example.org,India,2025-06-01 00:32:07,Email Campaign
CUST_00178,Eric Clark,kathrynroberts@example.org,Germany,2026-01-19 23:51:30,Paid Ads
CUST_00179,Paul Thompson,opatel@example.net,India,2025-04-25 14:55:45,Organic Search
CUST_00180,Mary Gomez,chensley@example.com,Australia,2025-03-24 18:55:52,Email Campaign
CUST_00181,Thomas Atkins,tberry@example.net,Canada,2025-06-19 23:29:40,Referral
CUST_00182,Brian Smith,george97@example.net,United States,2025-12-27 19:50:15,Referral
CUST_00183,Anita Richard,ryanmorales@example.org,Australia,2025-07-13 13:23:33,Organic Search
CUST_00184,Eric Morgan,kimberly18@example.net,Canada,2025-12-21 13:03:54,Email Campaign
CUST_00185,Jordan Bullock,michael23@example.org,Australia,2025-09-04 10:51:45,Email Campaign
CUST_00186,Craig Morrison,thompsonkendra@example.com,Germany,2026-01-28 01:44:49,Referral
CUST_00187,Justin Riley,michelle52@example.com,Canada,2025-12-13 08:25:55,Email Campaign
CUST_00188,Jeremy Turner,brittany58@example.org,United Kingdom,2025-12-16 13:54:30,Paid Ads
CUST_00189,Jesse Brown,chase19@example.net,Australia,2025-08-04 09:27:29,Referral
CUST_00190,Julie Spencer,colelisa@example.net,India,2026-01-12 09:32:35,Paid Ads
CUST_00191,Larry Mason,hayeslisa@example.com,Germany,2025-08-02 06:52:02,Organic Search
CUST_00192,Mrs. Maria Williams,hritter@example.net,Canada,2025-08-10 22:21:31,Social Media
CUST_00193,Helen Hardin,vortiz@example.net,United Kingdom,2025-09-18 20:39:06,Referral
CUST_00194,Rachel Holland,riveraangela@example.com,Canada,2025-03-04 14:04:35,Paid Ads
CUST_00195,Nathaniel Douglas,mathewaguilar@example.org,Germany,2025-06-29 15:01:35,Paid Ads
CUST_00196,Emily Douglas,tanderson@example.org,United States,2025-06-16 04:22:14,Email Campaign
CUST_00197,James Conner,elizabethcalderon@example.net,United Kingdom,2025-11-13 14:12:10,Referral
CUST_00198,Susan Davis DDS,andrew42@example.org,Germany,2025-12-28 21:27:30,Organic Search
CUST_00199,Ralph Lee,ericphillips@example.org,Australia,2025-06-10 15:40:20,Email Campaign
CUST_00200,Kimberly Rodgers,stanleynancy@example.net,Australia,2025-10-30 12:22:26,Referral
CUST_00201,James Martin,jenniferwilliams@example.com,Australia,2025-01-16 04:06:07,Referral
CUST_00202,Cynthia Wallace,karen73@example.net,Germany,2025-10-23 10:48:58,Organic Search
CUST_00203,Vincent Mueller,michealvalentine@example.com,United Kingdom,2025-10-01 05:15:33,Email Campaign
CUST_00204,Douglas Reyes,mburch@example.net,France,2025-11-22 11:07:22,Referral
CUST_00205,David Davidson,angela18@example.org,Germany,2025-06-21 07:08:21,Paid Ads
CUST_00206,Phillip Nelson,mariahdavis@example.org,Germany,2025-07-31 23:52:58,Email Campaign
CUST_00207,Stacey Arias,gbrown@example.com,Germany,2025-01-23 13:03:42,Social Media
CUST_00208,Zachary Brooks,florescory@example.net,India,2025-11-11 01:00:32,Paid Ads
CUST_00209,Raven Taylor,samantha72@example.net,Canada,2025-12-30 00:47:01,Referral
CUST_00210,Luis Bullock,scottmary@example.net,Germany,2025-01-21 22:41:27,Referral
CUST_00211,Lisa Henderson,john10@example.org,United States,2025-01-22 01:13:07,Email Campaign
CUST_00212,Riley Bryant,copelandvincent@example.net,Australia,2025-04-16 09:37:18,Email Campaign
CUST_00213,Jose Allen,kellysmith@example.com,United States,2025-05-22 03:40:28,Social Media
CUST_00214,Jason Beck,millsmichael@example.net,United Kingdom,2025-10-22 11:00:29,Paid Ads
CUST_00215,Rachel Romero,myerstheodore@example.net,United Kingdom,2025-12-20 04:12:35,Social Media
CUST_00216,James Burgess,kristina53@example.net,United Kingdom,2025-10-22 11:25:29,Email Campaign
CUST_00217,Ashley Perkins,dennis58@example.com,Australia,2025-07-15 22:40:55,Organic Search
CUST_00218,Carrie Maxwell,epollard@example.net,United States,2026-01-01 07:09:17,Referral
CUST_00219,Chad Baldwin,mjohnson@example.org,United Kingdom,2025-02-10 10:56:45,Paid Ads
CUST_00220,Stacey Stewart,zachary87@example.com,Australia,2025-02-23 07:08:20,Organic Search
CUST_00221,Matthew Mitchell,glennmartin@example.org,Canada,2025-01-25 02:26:27,Paid Ads
CUST_00222,Jessica Ross,ykline@example.com,France,2025-01-16 19:54:39,Paid Ads
CUST_00223,Kathleen Jimenez,laurie61@example.com,Canada,2025-07-05 06:48:00,Email Campaign
CUST_00224,Samantha Gardner,curtis54@example.com,France,2025-03-30 20:22:25,Paid Ads
CUST_00225,Mitchell Jackson,cbell@example.net,India,2025-12-28 04:51:42,Social Media
CUST_00226,Heather Bolton,danielle01@example.net,Canada,2025-10-14 12:42:16,Referral
CUST_00227,Heidi Owen,stephaniethomas@example.net,Australia,2025-03-30 23:02:50,Paid Ads
CUST_00228,Jessica Martinez,kimberlydiaz@example.com,United States,2025-08-30 14:11:08,Referral
CUST_00229,Amanda Hernandez,xrush@example.com,United Kingdom,2025-01-20 22:40:49,Referral
CUST_00230,Laura Moreno,redwards@example.org,Germany,2025-10-19 12:13:43,Paid Ads
CUST_00231,Allison Lopez,hmcintyre@example.com,France,2025-03-01 00:40:37,Paid Ads
CUST_00232,Michele Lewis,heather73@example.org,India,2025-03-21 03:34:40,Social Media
CUST_00233,Benjamin Thompson,zosborn@example.net,Australia,2025-04-05 00:37:47,Referral
CUST_00234,Victoria Contreras,piercekelly@example.com,United Kingdom,2025-02-01 21:35:02,Referral
CUST_00235,Michelle Ho,laurahicks@example.org,India,2025-11-29 17:32:41,Social Media
CUST_00236,Dr. Cynthia Snyder,angela57@example.net,France,2025-02-23 13:26:48,Social Media
CUST_00237,Stephen Jones,ukey@example.com,Australia,2025-01-10 19:51:11,Email Campaign
CUST_00238,Patricia Morrow,martinezlogan@example.org,United States,2026-01-16 18:01:19,Email Campaign
CUST_00239,Michael Cooper,katrinaanderson@example.net,India,2025-10-09 07:40:27,Email Campaign
CUST_00240,Amy Martinez,kevinmartin@example.net,Germany,2025-04-29 19:57:42,Paid Ads
CUST_00241,Travis Stone,meghan43@example.net,France,2025-07-29 18:42:02,Referral
CUST_00242,Denise Weber,shawgary@example.net,Germany,2026-01-11 13:02:48,Email Campaign
CUST_00243,Matthew Le,megan90@example.org,United Kingdom,2025-07-28 11:15:19,Paid Ads
CUST_00244,Travis Wise,debra96@example.net,United Kingdom,2025-03-09 07:30:48,Email Campaign
CUST_00245,Kathleen Burton,dawn47@example.org,Australia,2025-07-09 09:56:38,Email Campaign
CUST_00246,Melinda Evans,barkereric@example.com,United Kingdom,2025-10-22 08:52:21,Organic Search
CUST_00247,Mr. Lawrence Edwards,jessica56@example.org,Australia,2026-01-19 22:32:27,Social Media
CUST_00248,Kayla Rodriguez,stevenadams@example.org,Germany,2025-05-22 05:44:26,Paid Ads
CUST_00249,Anthony Dougherty,kwright@example.com,Australia,2025-10-03 14:25:00,Social Media
CUST_00250,Michelle Lee,tyronerobertson@example.com,United Kingdom,2025-09-22 08:22:33,Referral
CUST_00251,Kathleen Davis,pwagner@example.org,France,2025-08-03 14:01:10,Organic Search
CUST_00252,Amber Campbell,amitchell@example.org,United States,2025-05-29 09:32:59,Paid Ads
CUST_00253,Stephen Luna,zdiaz@example.org,Germany,2025-11-12 16:22:09,Referral
CUST_00254,Chloe Tran,hughesshannon@example.net,India,2025-07-06 15:57:46,Email Campaign
CUST_00255,William Becker,andersoncolin@example.com,Germany,2026-01-17 05:34:22,Organic Search
CUST_00256,Gina Mcmillan,jameshicks@example.net,United Kingdom,2025-03-14 06:38:24,Paid Ads
CUST_00257,Andrew Reeves,jstone@example.net,India,2025-11-11 02:35:00,Paid Ads
CUST_00258,Brenda Velazquez,francisco94@example.net,India,2025-08-26 20:05:38,Referral
CUST_00259,Ronald Patel,thomas05@example.com,Germany,2025-10-14 15:02:23,Referral
CUST_00260,Veronica Silva,carlsonjoseph@example.net,Germany,2025-09-25 00:06:08,Referral
CUST_00261,Paula Lane,silvageorge@example.net,United Kingdom,2025-09-14 22:23:48,Email Campaign
CUST_00262,Patricia James,anthonyvaughan@example.org,United Kingdom,2025-07-30 10:14:53,Social Media
CUST_00263,Jeremy Barnes,avaughn@example.net,United States,2025-06-29 01:32:26,Paid Ads
CUST_00264,Tami Salas,thorntonapril@example.net,United States,2025-09-03 02:14:24,Referral
CUST_00265,Matthew Fox,sue78@example.com,Canada,2025-05-24 19:26:35,Paid Ads
CUST_00266,Megan Dillon,chelsea33@example.com,United Kingdom,2026-01-12 02:06:57,Referral
CUST_00267,Courtney Dudley,kellie37@example.com,United States,2025-08-08 19:28:41,Paid Ads
CUST_00268,Justin Michael,keith98@example.com,Canada,2025-08-19 02:26:03,Social Media
CUST_00269,Jennifer Reed,kellyroberts@example.net,United Kingdom,2025-05-20 09:01:58,Organic Search
CUST_00270,Thomas Douglas,ilewis@example.com,United Kingdom,2025-04-09 07:40:38,Organic Search
CUST_00271,Melissa Taylor,johnsantiago@example.net,France,2025-02-12 08:26:19,Social Media
CUST_00272,David Garcia,jennifer12@example.org,India,2025-04-09 02:01:13,Email Campaign
CUST_00273,Vanessa Moore,mwoods@example.com,Australia,2025-03-21 16:22:20,Organic Search
CUST_00274,Matthew Velez,pearsonjesse@example.net,Germany,2025-08-09 20:28:09,Email Campaign
CUST_00275,Taylor Gentry,robertmonroe@example.org,United Kingdom,2025-12-09 02:56:00,Paid Ads
CUST_00276,Jennifer Simpson DVM,nancy04@example.net,United Kingdom,2025-02-09 21:43:53,Email Campaign
CUST_00277,Tanya Rogers,ihays@example.net,Australia,2025-03-30 14:44:18,Organic Search
CUST_00278,Todd Rosales MD,lisarivera@example.net,Germany,2025-11-08 05:43:41,Organic Search
CUST_00279,David Lopez,krystal93@example.org,Canada,2025-02-11 15:20:44,Paid Ads
CUST_00280,Margaret Sullivan,frobertson@example.com,United States,2025-08-24 23:54:16,Paid Ads
CUST_00281,Cathy Taylor,shari04@example.com,France,2025-04-03 00:05:49,Email Campaign
CUST_00282,Paul Finley,brandi90@example.com,Australia,2025-06-25 07:06:47,Referral
CUST_00283,Melissa Brown,marshallerik@example.net,Germany,2025-10-23 10:45:37,Email Campaign
CUST_00284,Stephanie Padilla,hannah45@example.net,Australia,2025-08-19 23:03:50,Referral
CUST_00285,Tyler Mendoza,madkins@example.com,United Kingdom,2025-11-30 01:58:03,Referral
CUST_00286,Joshua Ruiz,kathleenbecker@example.net,France,2025-02-16 18:46:27,Organic Search
CUST_00287,Angela Griffin,christian91@example.org,India,2025-06-11 09:26:50,Paid Ads
CUST_00288,Stephanie Harris,franklinbond@example.com,India,2025-07-25 13:21:40,Organic Search
CUST_00289,Daniel Aguilar,nolansean@example.org,Canada,2025-05-02 23:45:23,Paid Ads
CUST_00290,Jose Bryant,hansenemily@example.com,Canada,2025-02-28 07:18:38,Organic Search
CUST_00291,Jennifer Velasquez,bethwilliams@example.com,Germany,2025-11-14 07:19:10,Referral
CUST_00292,Kimberly Brown,andersenthomas@example.com,United Kingdom,2025-12-31 23:48:12,Organic Search
CUST_00293,Randy Cannon,ybrooks@example.com,United Kingdom,2025-06-29 19:01:47,Social Media
CUST_00294,Susan Bennett,desireebailey@example.org,United States,2025-12-19 15:45:26,Paid Ads
CUST_00295,Jenna Anderson DVM,avilatiffany@example.com,Australia,2025-07-25 11:39:20,Referral
CUST_00296,Kimberly Patel,johnreed@example.com,Germany,2025-06-03 15:37:02,Organic Search
CUST_00297,Shaun Cannon,pachecorobert@example.org,India,2025-06-24 14:45:06,Paid Ads
CUST_00298,Austin Wheeler,tharper@example.org,Australia,2025-07-26 07:44:53,Paid Ads
CUST_00299,Andrew Gonzales,karenparsons@example.org,United States,2025-02-25 11:10:33,Paid Ads
CUST_00300,Donna Cabrera,barbara53@example.com,France,2025-08-27 22:17:59,Referral
CUST_00301,Victoria Boyd,dturner@example.net,Germany,2025-08-13 04:05:28,Organic Search
CUST_00302,Sheryl Buck,dpeters@example.com,India,2025-12-31 01:09:48,Social Media
CUST_00303,Megan Floyd,heather62@example.com,United Kingdom,2025-11-09 15:18:09,Referral
CUST_00304,Paul Wells,kevinzimmerman@example.com,Germany,2026-01-19 13:00:36,Organic Search
CUST_00305,Kristina Faulkner,paulscott@example.com,Germany,2025-01-31 23:03:31,Social Media
CUST_00306,Tammy Boone,nicholsmaria@example.org,United States,2025-07-14 11:11:45,Organic Search
CUST_00307,Michael Morrison,lopezkathleen@example.net,India,2025-06-27 19:27:37,Referral
CUST_00308,Claire Clark,kevin03@example.org,Australia,2025-01-17 02:43:23,Social Media
CUST_00309,Autumn Key,srocha@example.net,Australia,2025-02-01 05:58:21,Paid Ads
CUST_00310,Jennifer Allen,kimberly67@example.net,France,2026-01-01 10:46:15,Email Campaign
CUST_00311,Elizabeth Ward,zowens@example.net,Canada,2025-08-05 01:12:51,Referral
CUST_00312,Ryan Rocha,lawrence09@example.org,India,2025-12-05 13:29:06,Email Campaign
CUST_00313,Alexis Tran,mphillips@example.com,Germany,2025-03-12 20:52:54,Social Media
CUST_00314,Kelly Sanchez,jonathan77@example.com,United Kingdom,2025-11-14 04:09:36,Social Media
CUST_00315,Robert Jackson,iwhite@example.net,Australia,2025-03-23 05:52:59,Paid Ads
CUST_00316,Kelly Combs,landryelizabeth@example.org,Germany,2025-09-14 03:59:09,Email Campaign
CUST_00317,Ryan Hall,albertwagner@example.com,India,2025-08-12 20:46:08,Email Campaign
CUST_00318,Mark Peck,bhopkins@example.org,Germany,2025-01-29 12:05:02,Organic Search
CUST_00319,Jennifer Smith,amanda40@example.net,United Kingdom,2025-09-02 07:01:29,Social Media
CUST_00320,Megan Drake,danieldavis@example.org,Australia,2025-04-01 00:56:06,Email Campaign
CUST_00321,Manuel King,joseph61@example.com,India,2025-01-01 21:27:26,Referral
CUST_00322,Judy Sanchez,kevinclayton@example.org,Germany,2025-12-25 19:51:47,Organic Search
CUST_00323,Shannon Malone,sullivannicholas@example.com,France,2025-05-26 16:47:31,Social Media
CUST_00324,Adam Jackson,pbruce@example.com,India,2026-01-23 04:35:05,Email Campaign
CUST_00325,Shannon Davis,hallrachel@example.net,Canada,2025-02-10 02:06:47,Social Media
CUST_00326,Karen Williams,cohenjuan@example.net,United Kingdom,2025-04-12 18:15:48,Email Campaign
CUST_00327,Amanda Mcfarland,alexis39@example.org,United States,2026-01-12 11:40:58,Organic Search
CUST_00328,Michelle Sanders,evansanne@example.net,India,2025-07-05 20:49:40,Paid Ads
CUST_00329,Jasmine Mosley,patrick21@example.net,France,2025-08-30 08:48:08,Organic Search
CUST_00330,Haley Davis,marypeterson@example.net,United States,2025-11-13 21:29:51,Paid Ads
CUST_00331,Jennifer Ayala,walterskristen@example.com,Germany,2025-03-30 03:04:06,Organic Search
CUST_00332,Henry Pugh MD,nmiller@example.com,Germany,2025-04-30 14:13:47,Social Media
CUST_00333,Michelle Miller,normanbowers@example.org,Germany,2025-08-01 09:00:34,Email Campaign
CUST_00334,Emily Rodriguez,hahnsean@example.com,Canada,2026-01-02 18:48:53,Email Campaign
CUST_00335,Brandon Jordan,fgarcia@example.com,Germany,2025-04-23 08:19:18,Paid Ads
CUST_00336,Linda Mueller,asmith@example.com,Australia,2025-04-17 00:41:59,Organic Search
CUST_00337,Misty Hansen,ashleyjackson@example.com,Australia,2025-08-03 13:37:29,Email Campaign
CUST_00338,Derrick Adams,bryanhamilton@example.com,Australia,2025-09-21 23:44:01,Referral
CUST_00339,Richard Ward,jennifersimpson@example.net,Australia,2025-07-27 12:27:33,Organic Search
CUST_00340,Brian Torres,ncook@example.com,India,2025-08-08 16:30:02,Social Media
CUST_00341,Erin Cook,kevinmorrison@example.net,Australia,2026-01-16 07:33:27,Paid Ads
CUST_00342,Ernest Oconnell,kelly79@example.org,France,2025-12-13 20:14:48,Email Campaign
CUST_00343,Douglas Hartman,daniel93@example.net,United Kingdom,2025-09-26 01:34:35,Referral
CUST_00344,Catherine Saunders MD,nhahn@example.com,Germany,2025-10-20 23:42:18,Social Media
CUST_00345,Sandra Jones,ichambers@example.net,India,2025-05-27 12:44:06,Paid Ads
CUST_00346,David Moore,emccormick@example.com,Canada,2025-10-25 11:05:38,Email Campaign
CUST_00347,Karen Morales DDS,ystephens@example.com,United Kingdom,2025-02-03 21:38:40,Email Campaign
CUST_00348,Robin Wheeler,rodriguezjohn@example.net,Germany,2025-10-24 02:39:49,Paid Ads
CUST_00349,Matthew Williams,vrasmussen@example.com,United States,2026-01-20 17:35:42,Paid Ads
CUST_00350,Brett Walker,seanmyers@example.net,France,2026-01-26 03:23:08,Social Media
CUST_00351,Kathryn Cooper,webbkenneth@example.org,Australia,2025-03-19 22:55:54,Email Campaign
CUST_00352,Todd Thomas,matthew38@example.com,France,2025-03-19 10:45:38,Email Campaign
CUST_00353,Brent Bowen,tflores@example.org,India,2025-01-12 22:05:59,Paid Ads
CUST_00354,Ashley Sweeney,byrdfrank@example.net,Australia,2025-11-15 10:33:19,Paid Ads
CUST_00355,Christopher Moore,omullen@example.com,Germany,2025-02-28 02:53:58,Social Media
CUST_00356,Charlotte Sandoval,njohnson@example.org,France,2025-09-20 23:14:19,Email Campaign
CUST_00357,Jeffrey Smith,jamiegoodwin@example.org,Australia,2025-03-04 09:11:09,Social Media
CUST_00358,Rebecca Herrera,mark71@example.com,United Kingdom,2025-10-23 03:53:18,Email Campaign
CUST_00359,Katherine Church,candice96@example.net,France,2025-01-28 21:12:27,Organic Search
CUST_00360,Harold Ellis,lisamccarthy@example.com,India,2025-07-02 08:26:04,Social Media
CUST_00361,Leslie Powers,david41@example.org,India,2025-06-26 16:39:05,Organic Search
CUST_00362,Charles Price,baileyhenderson@example.com,United States,2025-12-04 01:48:52,Organic Search
CUST_00363,Melissa Brewer,angelaburns@example.org,Canada,2025-12-11 14:46:03,Social Media
CUST_00364,Ryan Harvey,stephanie72@example.org,United States,2025-01-23 11:36:57,Social Media
CUST_00365,Tracey Wagner,fortiz@example.com,United Kingdom,2025-02-13 14:08:17,Social Media
CUST_00366,Jill Jackson,flynnjeffrey@example.org,Germany,2025-10-19 03:32:39,Paid Ads
CUST_00367,Joshua Jackson,xcunningham@example.com,France,2025-07-09 16:10:12,Email Campaign
CUST_00368,Ashley Wilson,amber07@example.net,Canada,2025-05-20 20:30:13,Paid Ads
CUST_00369,Jeffery Fitzgerald,kennethkidd@example.com,France,2025-03-03 08:04:36,Email Campaign
CUST_00370,Scott Miller,rowejoel@example.net,Germany,2025-07-07 01:23:33,Referral
CUST_00371,Heather Page,imartin@example.org,Canada,2025-04-22 03:54:27,Email Campaign
CUST_00372,Renee Hudson,candice25@example.net,Germany,2025-07-17 06:28:50,Social Media
CUST_00373,Kenneth Farley,taylorkaren@example.com,Australia,2025-01-08 07:10:50,Email Campaign
CUST_00374,Wendy Camacho,jacquelineanderson@example.org,India,2025-08-12 09:50:34,Referral
CUST_00375,Sandra Juarez,kburns@example.net,United States,2025-05-03 16:52:44,Email Campaign
CUST_00376,Jason Hayes,powellkara@example.net,France,2025-09-26 09:48:36,Social Media
CUST_00377,Jackie Clements,brandi17@example.net,India,2025-11-26 13:41:30,Social Media
CUST_00378,Heather Brown,brobinson@example.org,Australia,2025-12-21 20:02:12,Social Media
CUST_00379,Frank Campbell MD,ashleewashington@example.com,Germany,2025-06-04 17:40:26,Email Campaign
CUST_00380,Pamela Williams,ksmith@example.com,Canada,2025-03-24 20:09:39,Email Campaign
CUST_00381,William Patterson,nicoleturner@example.com,France,2025-10-06 19:29:01,Social Media
CUST_00382,Isaac Miller,brettgarrett@example.net,United States,2025-08-18 07:30:00,Email Campaign
CUST_00383,Cynthia Rios,smiththomas@example.org,United States,2025-08-02 04:41:06,Referral
CUST_00384,Kelly Wallace,dominguezlisa@example.com,France,2025-02-08 02:15:03,Email Campaign
CUST_00385,Karen Perez,crosscurtis@example.com,Australia,2025-08-11 07:02:44,Paid Ads
CUST_00386,Edwin Reyes,darlenebyrd@example.org,Canada,2025-10-01 15:44:19,Paid Ads
CUST_00387,Alejandra Santos,nbell@example.net,India,2025-07-14 16:01:19,Paid Ads
CUST_00388,Tamara Jensen,fheath@example.org,India,2025-03-17 11:16:00,Organic Search
CUST_00389,Bryce Blair,sylvia52@example.org,Australia,2025-08-28 22:55:34,Email Campaign
CUST_00390,Bradley Tran,kimberly04@example.org,France,2025-01-26 21:57:35,Social Media
CUST_00391,Katrina Adkins,debbie37@example.com,United States,2025-04-13 01:41:37,Social Media
CUST_00392,Jonathan Wheeler,hatfieldsarah@example.org,India,2025-09-11 18:29:09,Email Campaign
CUST_00393,Ryan Fisher,kathrynbest@example.org,Canada,2025-05-17 10:10:05,Paid Ads
CUST_00394,Austin Baker,livingstonstacy@example.com,France,2025-10-12 04:04:43,Referral
CUST_00395,Lori Mason,zhenderson@example.org,Australia,2025-07-31 16:16:40,Paid Ads
CUST_00396,Kimberly Hernandez,collinswilliam@example.org,Australia,2025-07-19 14:16:10,Email Campaign
CUST_00397,Brittney Murphy,collinssamuel@example.org,India,2025-08-18 05:50:07,Social Media
CUST_00398,Brandon Hamilton,dsalazar@example.com,Germany,2025-03-31 10:55:08,Organic Search
CUST_00399,Mary Thompson,zimmermanjacqueline@example.org,Australia,2025-04-20 07:54:03,Paid Ads
CUST_00400,Gregory Holmes PhD,gary24@example.net,Australia,2025-11-05 16:17:13,Referral
CUST_00401,Patricia Johnson,enelson@example.com,United States,2025-10-12 02:32:28,Email Campaign
CUST_00402,Laura Jones,ddixon@example.com,United Kingdom,2025-01-11 19:27:45,Referral
CUST_00403,Carol Moore,shannonemily@example.org,Germany,2025-04-06 23:51:39,Social Media
CUST_00404,Jordan Williams,sanchezthomas@example.com,France,2025-07-23 15:02:34,Email Campaign
CUST_00405,Cassidy Horne,tranrobin@example.net,United States,2025-10-16 12:46:14,Paid Ads
CUST_00406,Courtney Wright,joseph19@example.com,United States,2026-01-02 04:57:57,Referral
CUST_00407,Michael Williams,lindajarvis@example.com,France,2025-09-12 18:28:48,Paid Ads
CUST_00408,John Campbell,mark87@example.org,India,2025-02-19 02:27:03,Email Campaign
CUST_00409,Eddie Mueller,stevenvargas@example.com,India,2025-08-23 17:13:59,Email Campaign
CUST_00410,Dr. Morgan Payne PhD,adamortiz@example.org,Canada,2025-04-01 14:59:49,Organic Search
CUST_00411,Makayla Steele,tapiaaaron@example.net,United Kingdom,2025-01-29 21:41:03,Email Campaign
CUST_00412,Oscar Parker,alyssaallen@example.com,United States,2025-04-01 04:38:33,Paid Ads
CUST_00413,Valerie Thomas,christopher38@example.com,Germany,2025-04-16 08:57:40,Email Campaign
CUST_00414,Jacqueline Villegas,carpenterwilliam@example.net,India,2025-10-16 04:09:21,Referral
CUST_00415,Angela Bradley,ibates@example.org,France,2025-11-22 13:05:20,Paid Ads
CUST_00416,Samuel Howe,vhaynes@example.com,India,2025-11-19 06:00:29,Organic Search
CUST_00417,Dillon Jones,derekcarrillo@example.org,France,2026-01-16 02:05:23,Email Campaign
CUST_00418,Christopher Owens,wmartinez@example.org,United States,2025-08-06 06:44:03,Social Media
CUST_00419,John Phelps,mooregina@example.net,Germany,2025-06-18 18:12:01,Email Campaign
CUST_00420,Amanda Huff,eddie35@example.com,Australia,2025-07-03 09:27:30,Social Media
CUST_00421,Megan Green,anthonysullivan@example.com,India,2025-03-19 04:06:15,Social Media
CUST_00422,Krista Davis,laradonald@example.org,United States,2025-10-06 14:09:54,Email Campaign
CUST_00423,Richard Walker,madisonwatson@example.net,Canada,2025-08-03 06:48:10,Organic Search
CUST_00424,Angela Willis,johnsoncaleb@example.net,United States,2025-12-20 04:32:46,Paid Ads
CUST_00425,Carl Stein,david70@example.org,United States,2025-01-17 14:07:54,Social Media
CUST_00426,Jessica Ramsey,rjohnson@example.com,Canada,2025-07-09 04:27:11,Referral
CUST_00427,Daniel Lopez,sean20@example.net,United States,2025-06-09 09:18:33,Referral
CUST_00428,Danielle Phillips,eandrade@example.org,France,2025-06-10 21:41:35,Paid Ads
CUST_00429,James Barnes,crystalpham@example.org,United Kingdom,2025-06-30 23:24:36,Paid Ads
CUST_00430,Rachael Howard DDS,kcooper@example.net,United Kingdom,2025-01-03 04:51:30,Paid Ads
CUST_00431,Devin Johnson,anthonycochran@example.com,France,2025-04-11 23:13:44,Social Media
CUST_00432,William Moreno,terrigarcia@example.net,United States,2025-05-16 12:51:43,Organic Search
CUST_00433,Joseph Moody,gallagherstacie@example.net,United States,2025-04-13 08:59:25,Social Media
CUST_00434,Rebecca Kelly,gregorywatkins@example.net,France,2025-07-04 19:21:59,Social Media
CUST_00435,Suzanne Johnson,stacey92@example.net,Canada,2025-01-13 06:10:50,Social Media
CUST_00436,Sara Cochran,lweaver@example.com,Canada,2025-02-10 16:47:18,Email Campaign
CUST_00437,Anthony Guzman,foxaaron@example.net,India,2025-03-30 06:34:35,Organic Search
CUST_00438,Carlos Love,brian29@example.net,Germany,2026-01-05 21:52:05,Social Media
CUST_00439,Patricia Mathis,susan56@example.net,Germany,2025-03-26 16:54:50,Referral
CUST_00440,Eric Taylor,jessicakim@example.net,France,2025-06-22 01:59:12,Organic Search
CUST_00441,Marie Thompson,jeffrey92@example.com,Germany,2025-08-23 06:47:48,Organic Search
CUST_00442,Michael Anderson,rushstacy@example.com,Germany,2025-02-17 05:52:03,Email Campaign
CUST_00443,Patricia Bradley,carriemccall@example.net,India,2025-11-28 02:18:58,Organic Search
CUST_00444,Keith Zuniga,markmiller@example.com,India,2026-01-16 19:16:25,Email Campaign
CUST_00445,Mrs. Stacey Davis,sean43@example.org,United States,2025-02-27 01:57:58,Social Media
CUST_00446,Hayley Buchanan,williamssamuel@example.com,United States,2025-04-26 05:08:34,Paid Ads
CUST_00447,Stacey Snyder,ybell@example.org,France,2025-08-02 14:40:11,Referral
CUST_00448,Rachel Lane,franciscojones@example.org,Germany,2025-09-10 13:53:45,Referral
CUST_00449,Fernando Lynn,petersonpamela@example.org,Germany,2025-08-18 01:17:32,Referral
CUST_00450,Kimberly Villanueva,morgantricia@example.com,United States,2025-12-01 03:29:48,Organic Search
CUST_00451,Jessica Valdez,gmoore@example.com,Germany,2025-06-17 00:19:13,Email Campaign
CUST_00452,Colton Terry,donna43@example.org,Germany,2025-06-27 11:25:44,Social Media
CUST_00453,Kenneth Larsen,briansmith@example.org,Germany,2025-12-19 05:49:56,Email Campaign
CUST_00454,Matthew Greene,collinclark@example.net,United Kingdom,2025-03-15 20:31:42,Email Campaign
CUST_00455,Bradley Anthony,kristen77@example.net,India,2025-08-31 17:51:41,Social Media
CUST_00456,Martin Hughes,nicole52@example.com,Canada,2025-10-18 17:28:36,Email Campaign
CUST_00457,Jeremiah Baker,anne21@example.org,United States,2025-02-22 03:27:20,Organic Search
CUST_00458,Rhonda Gutierrez,angelarandall@example.net,Germany,2025-03-14 09:56:06,Organic Search
CUST_00459,Joseph Camacho,parmstrong@example.com,Australia,2025-10-17 10:38:27,Paid Ads
CUST_00460,James Nash,shawrachel@example.net,France,2025-02-16 14:07:35,Referral
CUST_00461,Lisa Martinez,kthompson@example.org,India,2025-09-14 01:02:47,Organic Search
CUST_00462,Beth Henderson,oharris@example.org,United Kingdom,2025-11-16 02:01:40,Email Campaign
CUST_00463,Deanna Bartlett,millerangela@example.net,United Kingdom,2025-02-09 23:01:27,Referral
CUST_00464,Donald Ellis,buchanancindy@example.net,United Kingdom,2025-08-31 16:28:10,Organic Search
CUST_00465,Ashley Hernandez,buckleyanna@example.org,Canada,2025-06-15 05:44:19,Email Campaign
CUST_00466,Sharon Beard,pbaker@example.com,Australia,2025-06-24 04:13:38,Organic Search
CUST_00467,Kara Jackson,mthomas@example.net,Australia,2025-09-29 22:35:52,Referral
CUST_00468,Amanda Preston,hannah07@example.com,United States,2025-10-13 11:50:04,Social Media
CUST_00469,Alicia Roth,larry71@example.org,Australia,2025-06-25 15:54:39,Email Campaign
CUST_00470,William Ramos,joseph69@example.net,France,2025-01-21 09:24:24,Social Media
CUST_00471,Jeremy Mcintyre,wfigueroa@example.net,Canada,2025-01-23 11:43:35,Social Media
CUST_00472,Samantha Robertson,cameronmckinney@example.com,United Kingdom,2025-08-28 23:53:31,Social Media
CUST_00473,Samuel Suarez,thompsonnancy@example.org,Canada,2025-01-05 17:49:12,Paid Ads
CUST_00474,Danielle Bryant,janet45@example.com,United States,2025-11-08 07:09:42,Paid Ads
CUST_00475,Madison Martinez,allentracy@example.com,United States,2025-01-24 19:29:23,Referral
CUST_00476,Seth Matthews,max41@example.com,Germany,2025-06-17 02:22:03,Email Campaign
CUST_00477,Anthony Nash,mercedesholland@example.net,United Kingdom,2025-12-19 08:34:13,Paid Ads
CUST_00478,Matthew Palmer,wellsdavid@example.org,United Kingdom,2025-10-15 10:17:22,Social Media
CUST_00479,Alejandra King,jennifer46@example.com,United States,2025-03-07 23:42:50,Paid Ads
CUST_00480,Judy Robinson,erica96@example.net,Australia,2025-05-03 06:19:59,Referral
CUST_00481,Jorge Bates,anna99@example.com,India,2025-02-08 15:38:24,Organic Search
CUST_00482,Brian Brown,danielle44@example.net,Germany,2025-07-31 08:21:52,Email Campaign
CUST_00483,Stephanie Evans,zacharyallen@example.org,France,2026-01-13 05:23:25,Email Campaign
CUST_00484,Rebekah Greene,erin07@example.com,United Kingdom,2025-11-18 16:56:40,Paid Ads
CUST_00485,Jason Price,aguilarwanda@example.org,United Kingdom,2025-03-30 09:42:43,Email Campaign
CUST_00486,Micheal Parks,qknox@example.com,United Kingdom,2025-03-28 03:08:06,Referral
CUST_00487,Sarah Pittman,kellyruiz@example.net,France,2026-01-13 23:29:31,Social Media
CUST_00488,Robert Hines,staceylam@example.net,Canada,2025-02-05 06:38:27,Email Campaign
CUST_00489,Henry Garner,robert55@example.com,United States,2025-02-12 13:12:35,Paid Ads
CUST_00490,Julie Wilson,delacruzbrandy@example.net,Canada,2025-08-23 02:51:50,Paid Ads
CUST_00491,Steve Mason,amoreno@example.org,United Kingdom,2025-07-18 11:13:43,Social Media
CUST_00492,Brittany Gay,robert97@example.org,United States,2025-04-04 04:40:13,Email Campaign
CUST_00493,Mike Maxwell,lcook@example.com,Canada,2025-12-01 11:59:28,Paid Ads
CUST_00494,Abigail Hill,barbaramoore@example.org,France,2025-10-23 07:34:49,Paid Ads
CUST_00495,Jeffrey Jordan,ysanford@example.org,France,2026-01-24 13:33:57,Social Media
CUST_00496,Curtis Watson,mcclainkatherine@example.net,Germany,2025-02-25 23:35:04,Organic Search
CUST_00497,Michael Sims,jeremywiley@example.com,United States,2025-12-05 19:43:21,Email Campaign
CUST_00498,James Chapman,cameronwilliams@example.com,Australia,2025-03-02 11:27:51,Social Media
CUST_00499,Joseph Warren,ibarron@example.com,France,2025-11-30 10:26:20,Email Campaign
CUST_00500,Katherine Christensen MD,osmith@example.net,United Kingdom,2025-11-21 10:22:47,Organic Search
CUST_00501,Mrs. Alison Wagner,richardsondebra@example.org,United States,2025-11-11 14:20:58,Social Media
CUST_00502,Martin Wise,wheelerbrandon@example.org,Australia,2025-05-14 11:56:53,Referral
CUST_00503,Alicia Norris,hwallace@example.net,Australia,2025-12-24 08:49:40,Social Media
CUST_00504,Michael Harris,turnerdorothy@example.net,Germany,2025-03-10 10:51:36,Organic Search
CUST_00505,Lisa Haynes,grivas@example.net,Germany,2025-07-08 23:44:52,Referral
CUST_00506,Autumn Wilson,jimenezchelsea@example.com,France,2025-11-08 00:55:32,Organic Search
CUST_00507,Valerie Howard,cphillips@example.net,Australia,2025-11-04 09:37:33,Social Media
CUST_00508,Daniel Fitzpatrick MD,smithchristopher@example.org,Canada,2025-09-21 16:59:10,Social Media
CUST_00509,Maureen Hernandez,chancharles@example.net,United States,2025-05-11 14:13:15,Referral
CUST_00510,David Hall,joseph01@example.org,France,2025-03-30 13:36:38,Referral
CUST_00511,Sarah Ward,ronald11@example.org,Australia,2025-05-31 14:37:37,Social Media
CUST_00512,Charles Holland,michael79@example.com,India,2025-09-30 16:58:24,Paid Ads
CUST_00513,Anna Briggs,danielross@example.com,United States,2025-07-03 12:22:14,Paid Ads
CUST_00514,James Jefferson,zbanks@example.org,Canada,2025-07-18 19:35:36,Paid Ads
CUST_00515,Michael Brown,dalepruitt@example.com,Australia,2025-04-29 17:41:57,Organic Search
CUST_00516,Meghan White,nmaxwell@example.org,Australia,2025-05-18 14:14:35,Email Campaign
CUST_00517,Sheryl Acosta,timothyfreeman@example.com,Australia,2025-12-27 08:42:43,Referral
CUST_00518,Arthur Pena,busherica@example.net,India,2025-12-15 16:12:01,Referral
CUST_00519,Krystal Levine,april91@example.com,Australia,2025-09-09 01:02:17,Social Media
CUST_00520,Danielle Reed,jhernandez@example.net,Germany,2025-04-28 06:02:59,Organic Search
CUST_00521,Mason Moore,kchristian@example.org,Germany,2025-12-31 05:19:21,Social Media
CUST_00522,Erica Rivera,brent38@example.net,France,2025-08-02 08:17:17,Organic Search
CUST_00523,Robert Miller,csolis@example.org,France,2025-10-01 08:40:42,Organic Search
CUST_00524,Jillian Wilson,bmcgee@example.org,Germany,2025-08-30 02:25:18,Email Campaign
CUST_00525,Andrew Dunn,connersylvia@example.net,United States,2025-01-30 05:02:59,Social Media
CUST_00526,Jordan Clark,xclements@example.org,United States,2025-08-11 23:30:13,Organic Search
CUST_00527,Sarah Rivera,xmoran@example.net,Germany,2026-01-29 20:25:45,Email Campaign
CUST_00528,Brent Hopkins,petersonmaria@example.com,Germany,2025-02-01 20:43:07,Referral
CUST_00529,Jacqueline Rodriguez,travisunderwood@example.net,United Kingdom,2025-05-27 05:02:16,Referral
CUST_00530,Ashley Carr,davidphelps@example.org,France,2026-01-05 10:22:03,Paid Ads
CUST_00531,Richard Love,shermanbrandon@example.net,Germany,2025-02-18 01:24:33,Organic Search
CUST_00532,Leah Barton,lellis@example.net,India,2025-09-24 18:08:38,Organic Search
CUST_00533,Jonathan Moreno,tranryan@example.net,India,2026-01-27 21:28:30,Paid Ads
CUST_00534,Mr. Thomas Thompson,jessicaanderson@example.com,Canada,2025-01-31 09:39:43,Email Campaign
CUST_00535,Lisa Morris,mbarnes@example.net,France,2025-12-08 07:24:57,Referral
CUST_00536,Denise Stuart,shawn22@example.com,United Kingdom,2025-05-04 07:14:37,Social Media
CUST_00537,Stacey Hunt,jennifer83@example.org,Germany,2025-08-08 17:31:06,Email Campaign
CUST_00538,Miguel Parks,tinasantos@example.org,India,2025-09-20 19:37:14,Referral
CUST_00539,Melissa Morris,hodgesanna@example.net,Australia,2025-02-10 16:09:50,Social Media
CUST_00540,Mary Butler,natalie60@example.net,United Kingdom,2025-02-21 04:41:09,Organic Search
CUST_00541,James Brown,gonzalezkaren@example.org,United Kingdom,2025-10-28 06:04:44,Social Media
CUST_00542,Miss Brianna Brown,james80@example.com,United Kingdom,2025-04-27 19:09:43,Organic Search
CUST_00543,Ashley Parrish,juliahoffman@example.org,United Kingdom,2025-04-20 20:24:57,Social Media
CUST_00544,Rebecca Horton,housepaul@example.net,Canada,2025-11-01 10:37:35,Referral
CUST_00545,Juan Smith,james73@example.net,United Kingdom,2025-03-07 19:16:36,Referral
CUST_00546,Maria Fischer,kimberlybrandt@example.com,India,2025-10-20 13:48:40,Social Media
CUST_00547,William Jones,jillwilson@example.org,India,2025-04-10 06:14:54,Referral
CUST_00548,Justin Anderson,adam72@example.org,India,2025-03-14 14:05:22,Email Campaign
CUST_00549,Frank Williams,tracy98@example.com,United States,2025-10-09 00:57:52,Social Media
CUST_00550,Michael Fox,abigailhartman@example.org,Canada,2025-08-28 21:40:51,Paid Ads
CUST_00551,Joshua Davis,nicolealvarado@example.com,Australia,2025-09-23 10:21:09,Email Campaign
CUST_00552,Daniel Goodwin,wbarajas@example.net,Canada,2025-05-30 03:14:13,Paid Ads
CUST_00553,Michael Griffin,susanfleming@example.com,United States,2025-05-01 08:23:14,Social Media
CUST_00554,Robert Wilson,amber40@example.net,France,2025-03-20 13:24:01,Referral
CUST_00555,Jaime Lang,stucker@example.net,India,2025-01-30 07:39:51,Social Media
CUST_00556,Jose Vaughan,teresaayala@example.net,France,2025-04-12 18:55:52,Email Campaign
CUST_00557,Austin Santiago,michellecoleman@example.org,Canada,2025-04-30 19:28:47,Paid Ads
CUST_00558,Ronald Johns,elucas@example.net,India,2025-05-09 13:52:25,Email Campaign
CUST_00559,Allison Love,millerbrian@example.com,Germany,2025-02-03 22:29:09,Social Media
CUST_00560,Laura Perez,rickey76@example.com,Germany,2025-07-04 11:53:01,Referral
CUST_00561,James Wilson,maychristine@example.net,Australia,2025-08-10 07:26:29,Email Campaign
CUST_00562,Mercedes Jones,robertsgina@example.net,France,2025-07-01 18:07:51,Paid Ads
CUST_00563,Preston Kim,bshort@example.com,Australia,2025-08-29 08:53:58,Email Campaign
CUST_00564,Daniel Francis,susan24@example.net,United Kingdom,2025-05-31 16:43:25,Referral
CUST_00565,Traci Camacho,susan08@example.net,Germany,2025-12-09 05:19:51,Social Media
CUST_00566,Andrew Armstrong,fmedina@example.com,France,2025-10-24 14:37:05,Referral
CUST_00567,Patrick Swanson,robertbrewer@example.net,Canada,2025-11-22 04:24:12,Paid Ads
CUST_00568,Clinton Jensen,james29@example.org,Australia,2025-04-18 11:56:08,Social Media
CUST_00569,Tara Gamble,enewman@example.com,India,2025-02-10 12:42:07,Email Campaign
CUST_00570,Danielle Gonzalez,wlynn@example.org,France,2025-10-16 07:53:42,Organic Search
CUST_00571,Cynthia Mitchell,mcculloughlouis@example.com,United Kingdom,2025-04-07 20:09:43,Organic Search
CUST_00572,Matthew Steele,arianadiaz@example.com,United Kingdom,2025-05-05 12:26:18,Email Campaign
CUST_00573,Caroline Edwards,jenniferdavidson@example.com,Australia,2025-04-25 10:46:40,Email Campaign
CUST_00574,Brandy Quinn,wford@example.com,Canada,2025-03-13 05:39:53,Email Campaign
CUST_00575,Mr. Matthew Miller,michele28@example.org,United States,2025-09-29 12:44:17,Email Campaign
CUST_00576,Stephen Jones,mcclainmelissa@example.net,Germany,2025-02-11 08:46:49,Referral
CUST_00577,Kevin Sullivan,rebeccaarnold@example.net,Canada,2025-10-18 11:08:50,Email Campaign
CUST_00578,Kimberly Valdez,michaelwalker@example.net,United Kingdom,2025-03-05 09:14:08,Paid Ads
CUST_00579,Donna Marshall,sanderswayne@example.net,United Kingdom,2025-01-22 21:27:14,Organic Search
CUST_00580,Victor Holden,katherinetaylor@example.org,Australia,2025-09-18 10:15:54,Paid Ads
CUST_00581,Travis Hopkins,jillwebb@example.com,United States,2025-04-17 21:02:32,Social Media
CUST_00582,Philip Hall,mike03@example.net,India,2026-01-02 23:11:53,Paid Ads
CUST_00583,Heather Harrison,ckeith@example.net,Germany,2025-12-31 08:50:47,Referral
CUST_00584,Michael Boyd,mary49@example.net,United States,2025-01-05 01:53:21,Organic Search
CUST_00585,Jamie Gray,blacknicholas@example.org,Canada,2025-07-18 18:46:04,Paid Ads
CUST_00586,Heather Parrish,msparks@example.org,United States,2025-11-25 18:02:26,Social Media
CUST_00587,Brenda Martin,robertsonjuan@example.org,United Kingdom,2025-07-04 13:56:05,Organic Search
CUST_00588,Jack Love,guerrerorobert@example.com,Canada,2025-02-07 02:06:51,Email Campaign
CUST_00589,Karen Mendoza,brittanyholland@example.com,United States,2025-12-22 01:12:55,Organic Search
CUST_00590,Andrew Berry,dennishunt@example.net,France,2026-01-24 05:29:31,Referral
CUST_00591,Christopher Nielsen,kgreene@example.net,India,2025-01-13 18:22:37,Referral
CUST_00592,Nathan Stanley,stacey37@example.net,India,2025-07-07 22:03:13,Paid Ads
CUST_00593,Sharon Jackson DVM,laurahoover@example.org,Germany,2025-08-15 05:42:12,Organic Search
CUST_00594,Kayla Jackson,sandra99@example.org,Canada,2025-10-02 00:58:03,Referral
CUST_00595,James Rodriguez,alexandrablankenship@example.net,Canada,2025-11-20 13:22:58,Organic Search
CUST_00596,Chase Davis,mvalenzuela@example.org,United States,2025-10-08 02:08:28,Referral
CUST_00597,Kim Goodwin,olsondavid@example.net,Germany,2025-01-16 19:03:32,Email Campaign
CUST_00598,April Pace,xboyd@example.org,India,2025-02-03 19:32:25,Email Campaign
CUST_00599,Jessica Mays,yclarke@example.com,United Kingdom,2025-10-17 22:51:39,Organic Search
CUST_00600,Natalie Juarez,colemanjonathan@example.org,Australia,2025-10-05 08:42:44,Organic Search
CUST_00601,Angela George,ascott@example.net,Canada,2025-09-25 19:35:03,Organic Search
CUST_00602,Adrienne Mills,brooksjamie@example.com,Canada,2025-09-16 06:35:46,Organic Search
CUST_00603,Brian Simmons,jose86@example.net,France,2025-10-01 15:19:48,Social Media
CUST_00604,Donald Becker,robertbowers@example.com,Australia,2025-05-16 23:53:52,Email Campaign
CUST_00605,Justin Webb,becky62@example.net,India,2026-01-07 16:28:03,Paid Ads
CUST_00606,David Logan,craigromero@example.com,United States,2025-04-15 17:50:03,Email Campaign
CUST_00607,Lisa Cohen,martintamara@example.org,United Kingdom,2025-01-29 17:25:40,Paid Ads
CUST_00608,Samantha Ruiz,qdavis@example.org,Australia,2025-02-04 00:36:29,Paid Ads
CUST_00609,Lee Ramsey,hmendez@example.com,United Kingdom,2025-02-02 13:11:00,Social Media
CUST_00610,Linda Bautista,daniellegonzales@example.org,Australia,2025-11-06 07:26:03,Referral
CUST_00611,Tara Holmes,arthurgreene@example.net,United Kingdom,2026-01-03 16:48:40,Organic Search
CUST_00612,Lisa Craig,john02@example.org,United Kingdom,2025-05-29 10:25:34,Social Media
CUST_00613,Penny Gomez MD,aprilmclaughlin@example.org,Australia,2025-02-07 03:07:54,Social Media
CUST_00614,Krista Barber,michael43@example.net,United States,2025-08-01 05:07:36,Social Media
CUST_00615,Jordan Powell,greenrichard@example.org,Germany,2025-12-06 09:21:50,Email Campaign
CUST_00616,Kathy Morgan,prattsue@example.net,United Kingdom,2025-10-28 07:34:51,Paid Ads
CUST_00617,Laura Benson,xhart@example.org,India,2026-01-21 09:53:54,Email Campaign
CUST_00618,Tonya Ellis,bmosley@example.com,Australia,2025-10-13 07:50:34,Referral
CUST_00619,Austin Schultz,ericahall@example.com,Australia,2025-07-27 04:02:02,Organic Search
CUST_00620,Harry Nichols,john16@example.net,United States,2025-11-26 17:14:50,Email Campaign
CUST_00621,Gloria Spencer,thomasgomez@example.net,France,2025-05-21 03:57:09,Social Media
CUST_00622,Travis Vega,victorgonzalez@example.net,United States,2025-09-07 11:48:54,Organic Search
CUST_00623,Derek Perez,marykelly@example.org,India,2025-09-12 16:52:12,Social Media
CUST_00624,Blake Sosa,waustin@example.net,Germany,2025-08-27 01:29:48,Referral
CUST_00625,Sarah Watson,travis94@example.com,Canada,2025-11-27 23:22:45,Email Campaign
CUST_00626,Phillip Dixon,kwalker@example.org,Germany,2025-10-01 01:18:38,Organic Search
CUST_00627,Robert Mendoza,shawphillip@example.net,France,2025-10-01 20:10:54,Email Campaign
CUST_00628,Joyce Martinez,astewart@example.org,India,2025-08-02 06:04:58,Organic Search
CUST_00629,Jamie Garcia,chloe42@example.net,India,2025-02-28 06:52:07,Email Campaign
CUST_00630,Derrick Mullen,michael76@example.org,France,2025-10-10 04:36:37,Paid Ads
CUST_00631,Paul Diaz,lramirez@example.net,Canada,2025-01-25 04:30:11,Referral
CUST_00632,Kenneth Perez,lelinda@example.net,United States,2025-12-07 08:08:00,Paid Ads
CUST_00633,James Thomas,thomassmith@example.com,Canada,2025-02-22 05:19:14,Social Media
CUST_00634,Dr. Samuel Holmes DDS,jevans@example.net,Germany,2025-10-09 06:58:34,Referral
CUST_00635,Brett Martin,lisawoods@example.net,France,2025-01-26 03:42:22,Paid Ads
CUST_00636,Patrick Green,ann45@example.org,United Kingdom,2025-12-16 11:09:52,Social Media
CUST_00637,Gregory Frazier,barbarasantos@example.net,Australia,2025-12-11 19:37:41,Organic Search
CUST_00638,Richard Kelly,champton@example.org,France,2025-04-17 22:49:22,Social Media
CUST_00639,Dustin Welch,mirandadavidson@example.com,United Kingdom,2025-11-06 03:53:32,Social Media
CUST_00640,Logan Sullivan,millermatthew@example.com,United States,2025-07-13 21:05:54,Organic Search
CUST_00641,Eddie Adams,cnelson@example.com,Germany,2025-05-25 12:11:13,Referral
CUST_00642,Kelly Cole,ivanjohnson@example.net,France,2025-10-28 13:58:03,Organic Search
CUST_00643,David Manning,clarkrandy@example.org,Australia,2025-07-23 07:52:15,Social Media
CUST_00644,Shawn Kelley,wisealexandria@example.org,Canada,2025-12-13 15:08:01,Referral
CUST_00645,Luke Miller,pparker@example.net,India,2025-08-10 19:32:19,Email Campaign
CUST_00646,Mark Anderson,anthonyalvarado@example.com,United States,2025-06-05 11:35:41,Paid Ads
CUST_00647,Julie Pitts,amy28@example.org,Germany,2025-02-27 12:25:48,Paid Ads
CUST_00648,Joyce Curry,omills@example.net,United States,2025-12-12 17:28:26,Social Media
CUST_00649,Gregory Fernandez,ramosmichael@example.com,India,2025-09-27 20:28:36,Organic Search
CUST_00650,Adam Mills,mauriceharrison@example.org,United Kingdom,2025-08-14 12:44:42,Paid Ads
CUST_00651,Katherine Campos,albert64@example.net,Australia,2025-05-16 05:17:29,Social Media
CUST_00652,Adam Brooks,bkhan@example.com,United States,2025-06-24 04:10:00,Paid Ads
CUST_00653,Miguel Brewer,fwalker@example.com,Canada,2025-04-18 20:51:09,Email Campaign
CUST_00654,Kellie Marsh,justin84@example.com,United Kingdom,2025-01-21 09:58:11,Referral
CUST_00655,Barry Taylor,walshchristine@example.com,Germany,2025-10-14 13:00:09,Referral
CUST_00656,Katherine Flores,brandonnichols@example.org,France,2025-04-11 19:06:39,Organic Search
CUST_00657,Diane Martinez,oacosta@example.org,United Kingdom,2025-02-21 01:38:00,Email Campaign
CUST_00658,Johnny Peterson,kristi75@example.com,France,2026-01-07 18:57:51,Email Campaign
CUST_00659,Amanda Miller,brianrowe@example.org,Australia,2025-11-15 00:23:38,Referral
CUST_00660,Catherine Huang,lisa01@example.net,Canada,2025-02-27 06:48:46,Social Media
CUST_00661,Ray Ramos,gonzalezjill@example.org,Germany,2025-02-27 14:32:10,Email Campaign
CUST_00662,Vickie Kennedy,sharon20@example.net,Canada,2025-09-25 14:13:15,Referral
CUST_00663,Kelly King,james03@example.org,Australia,2025-05-22 08:02:19,Paid Ads
CUST_00664,Jeffrey Smith,brenda63@example.org,France,2025-12-03 00:35:21,Organic Search
CUST_00665,Lauren Vazquez,nathandavis@example.org,France,2025-04-07 10:31:51,Paid Ads
CUST_00666,Mr. George Booker DDS,browndeanna@example.net,Canada,2025-08-25 05:17:32,Paid Ads
CUST_00667,Ashley Freeman,tina57@example.net,India,2025-09-08 14:49:56,Paid Ads
CUST_00668,Michael Howard,johnwilliams@example.net,France,2025-09-26 18:20:15,Social Media
CUST_00669,Edward Terry,ashleystephens@example.com,United Kingdom,2025-03-03 06:03:18,Paid Ads
CUST_00670,Denise Guerra,caseymoore@example.com,Canada,2025-08-02 04:08:17,Social Media
CUST_00671,Kimberly Gibson,bgross@example.net,France,2025-03-14 13:37:54,Paid Ads
CUST_00672,Patty Allen,barrettamber@example.com,Canada,2025-04-30 18:23:22,Referral
CUST_00673,Michael Cannon,chloemorris@example.net,Australia,2025-09-20 05:41:06,Referral
CUST_00674,Brent Hopkins,conleydavid@example.org,Australia,2025-02-01 23:55:02,Organic Search
CUST_00675,John Garcia,hbarrett@example.net,United States,2025-03-05 02:06:13,Referral
CUST_00676,Dawn Diaz,smithsamantha@example.net,India,2025-07-25 13:32:37,Paid Ads
CUST_00677,Steve Miller PhD,wardjulia@example.com,France,2025-11-20 13:44:25,Organic Search
CUST_00678,Rebecca Brown,allison14@example.org,India,2026-01-22 20:06:08,Referral
CUST_00679,Toni Davis,amandalopez@example.net,India,2025-08-13 23:52:15,Social Media
CUST_00680,Laura Meza,xreese@example.net,Canada,2026-01-11 02:44:38,Email Campaign
CUST_00681,Megan Park,kandrade@example.org,Germany,2025-08-20 00:34:09,Organic Search
CUST_00682,Kathy Sandoval,umahoney@example.net,Canada,2025-02-16 12:51:35,Email Campaign
CUST_00683,Erika Watson PhD,umckenzie@example.net,Germany,2025-11-19 19:45:03,Email Campaign
CUST_00684,Joshua Brooks,michael77@example.com,United Kingdom,2025-06-08 11:15:52,Referral
CUST_00685,Andrew Mitchell,holmesvictoria@example.com,United Kingdom,2025-04-22 14:10:42,Social Media
CUST_00686,William Lewis,andrew48@example.net,Germany,2025-09-26 06:10:25,Paid Ads
CUST_00687,Tammy Moore,stevenseric@example.com,France,2025-10-15 19:22:11,Referral
CUST_00688,Kevin Hall,christopher69@example.org,United Kingdom,2025-03-24 11:24:43,Paid Ads
CUST_00689,Misty Mcguire,tracynolan@example.net,United States,2025-12-29 07:40:44,Social Media
CUST_00690,Susan Larson,benjamin96@example.org,Canada,2025-12-16 05:04:37,Paid Ads
CUST_00691,Tammy Cook,hbutler@example.org,United States,2025-03-17 04:42:00,Social Media
CUST_00692,Sarah Mcfarland,hbrown@example.org,Australia,2025-10-26 09:04:18,Referral
CUST_00693,Karl Murphy,ericnunez@example.com,Canada,2025-11-21 18:35:47,Paid Ads
CUST_00694,Nicole Johnston,walkerkeith@example.com,France,2025-09-12 07:50:45,Social Media
CUST_00695,George Alvarez,kelleyjose@example.com,Australia,2025-05-28 10:45:50,Paid Ads
CUST_00696,Patricia Anderson,timothygonzalez@example.com,France,2026-01-23 00:20:34,Email Campaign
CUST_00697,Christina Gilbert,johnadams@example.com,United Kingdom,2026-01-23 09:33:17,Email Campaign
CUST_00698,Thomas Davis,whenderson@example.org,United States,2025-01-19 00:02:15,Email Campaign
CUST_00699,Kirk Johnson,gary59@example.com,Germany,2026-01-28 14:10:03,Paid Ads
CUST_00700,Jessica Glass,jamesbrooks@example.net,France,2025-06-17 02:34:57,Social Media
CUST_00701,Ashley Brown,mistywilkins@example.org,United States,2025-02-07 19:03:12,Social Media
CUST_00702,Robert Torres,njohnson@example.net,France,2026-01-20 09:29:47,Email Campaign
CUST_00703,Christina Mills,ana92@example.net,France,2025-08-10 22:44:09,Organic Search
CUST_00704,Alicia Aguilar,scottbrian@example.org,Germany,2025-03-25 11:53:27,Paid Ads
CUST_00705,Lisa Brown,jonesdonna@example.net,India,2025-07-25 10:07:55,Social Media
CUST_00706,Mary Lin,carternicole@example.com,United Kingdom,2025-11-10 05:12:02,Organic Search
CUST_00707,James Bray,mckeetodd@example.net,United States,2025-11-08 03:22:57,Referral
CUST_00708,Charlotte Mason,tcastro@example.org,United Kingdom,2025-06-01 04:38:16,Referral
CUST_00709,Thomas Torres,klong@example.org,United States,2025-08-13 03:55:32,Email Campaign
CUST_00710,Harold Garrett,wendyirwin@example.com,Germany,2026-01-27 16:00:15,Referral
CUST_00711,Lori Johns,raymondstacy@example.org,Australia,2025-08-06 06:22:16,Referral
CUST_00712,Steven Sandoval,blairabigail@example.net,Canada,2025-04-03 06:47:52,Organic Search
CUST_00713,Lori Perez,ashleysimmons@example.com,United Kingdom,2025-11-02 22:53:50,Social Media
CUST_00714,Erin Daniels,denisecarpenter@example.net,Australia,2025-10-11 23:23:48,Paid Ads
CUST_00715,Shari Parker,russellstout@example.org,France,2025-06-04 14:42:28,Referral
CUST_00716,Krystal Moore,grantstacy@example.org,France,2025-11-08 18:23:51,Organic Search
CUST_00717,Ryan Thomas,cannonnicole@example.com,United States,2025-02-05 04:30:56,Paid Ads
CUST_00718,Elizabeth Reese,edwin31@example.org,Australia,2025-09-16 16:19:43,Email Campaign
CUST_00719,Phillip Salazar,catherine93@example.net,Canada,2025-12-21 22:53:03,Referral
CUST_00720,Michael Howard,manderson@example.com,United Kingdom,2025-04-19 13:42:23,Referral
CUST_00721,Jacqueline Christian,kwells@example.org,Canada,2025-09-05 09:49:48,Email Campaign
CUST_00722,Jason Novak,stephanie33@example.org,France,2025-08-21 10:07:56,Social Media
CUST_00723,Timothy Duke,dwatts@example.org,India,2026-01-16 11:24:12,Referral
CUST_00724,Ricardo Franklin,zcortez@example.net,Germany,2025-08-21 20:30:04,Organic Search
CUST_00725,Laura Herrera,meyershannon@example.org,United Kingdom,2025-10-14 02:41:14,Organic Search
CUST_00726,Danielle Medina,grantzachary@example.net,France,2025-11-20 12:52:24,Social Media
CUST_00727,Cheryl Gonzales,kim47@example.org,France,2025-01-21 16:44:20,Email Campaign
CUST_00728,Louis Brown,stevenlucas@example.org,India,2025-07-26 05:50:45,Referral
CUST_00729,Ashley Osborne,phillipmorris@example.org,India,2025-06-26 17:42:47,Organic Search
CUST_00730,Kevin Marquez,nicoledavis@example.com,Canada,2026-01-09 04:12:52,Referral
CUST_00731,Susan Hogan,davisjasmin@example.net,Canada,2025-10-23 07:15:41,Paid Ads
CUST_00732,Joseph Cruz,nicholasjames@example.org,France,2025-01-25 12:31:01,Organic Search
CUST_00733,Krystal Keller,fernandothomas@example.net,United States,2025-05-29 04:28:39,Email Campaign
CUST_00734,Eric Cross,lroberts@example.org,Germany,2025-09-01 15:39:06,Paid Ads
CUST_00735,Toni Smith,alexander77@example.net,India,2025-11-17 18:08:03,Paid Ads
CUST_00736,Lisa Snyder,briannaalvarez@example.com,France,2025-11-15 17:59:21,Referral
CUST_00737,Kyle Smith,christine83@example.org,Australia,2026-01-02 07:21:46,Organic Search
CUST_00738,Anthony Bailey,melissaestrada@example.net,France,2025-04-18 06:02:38,Paid Ads
CUST_00739,Thomas Williams,kchaney@example.net,India,2025-09-10 11:21:44,Email Campaign
CUST_00740,Matthew Graves,tammycurry@example.com,United Kingdom,2025-10-20 16:31:22,Paid Ads
CUST_00741,Anna Evans,priscilla16@example.net,France,2025-12-24 00:44:57,Social Media
CUST_00742,John Martinez,mark68@example.org,India,2025-10-03 04:23:17,Social Media
CUST_00743,Lisa Rodriguez,webbhaley@example.net,Canada,2026-01-12 01:46:16,Paid Ads
CUST_00744,Lee Stewart,sara99@example.com,France,2025-08-05 17:03:22,Social Media
CUST_00745,Lynn Vasquez,nicolehall@example.com,United Kingdom,2025-06-24 15:49:31,Social Media
CUST_00746,April Johnson,mclaughlinjared@example.net,India,2025-06-10 23:56:17,Email Campaign
CUST_00747,Mrs. Felicia Castro DDS,davidsonhannah@example.com,Germany,2025-09-04 06:04:04,Social Media
CUST_00748,Elizabeth Hunter,katie15@example.com,United Kingdom,2025-08-01 09:37:04,Organic Search
CUST_00749,Keith Choi,jamesbass@example.net,Germany,2025-10-22 22:00:45,Social Media
CUST_00750,John Johnson,timothyburton@example.net,United Kingdom,2025-04-24 18:30:46,Organic Search
CUST_00751,Julia Olsen,conleykevin@example.net,India,2025-08-12 09:49:05,Organic Search
CUST_00752,Kristen Smith,lauren51@example.org,Germany,2025-09-27 00:41:01,Social Media
CUST_00753,Andre Terrell,ashleyprice@example.net,Canada,2026-01-08 02:41:05,Paid Ads
CUST_00754,Richard Parker,jennifer46@example.org,France,2025-07-30 14:16:48,Social Media
CUST_00755,David Hayes DVM,aliciathompson@example.com,United States,2025-04-17 14:57:12,Referral
CUST_00756,Paula Gentry,zhunter@example.com,Canada,2025-07-05 20:32:27,Organic Search
CUST_00757,Brittany Peterson,hoconnor@example.com,India,2025-06-25 06:49:27,Paid Ads
CUST_00758,Briana Wiggins,jamiejohnson@example.com,United States,2025-02-10 18:30:18,Email Campaign
CUST_00759,Kelly Smith,mcdanielbrooke@example.org,India,2025-09-14 13:07:09,Email Campaign
CUST_00760,Stephen Garcia,andrew43@example.com,India,2025-03-20 02:17:34,Paid Ads
CUST_00761,Dustin Patel,rlambert@example.org,France,2025-01-05 00:35:20,Paid Ads
CUST_00762,Brian Mullen,clarkmichael@example.com,India,2025-11-13 01:18:16,Email Campaign
CUST_00763,Tony Brock,georgecollins@example.com,India,2026-01-06 20:17:07,Paid Ads
CUST_00764,Amber Johnson,rodriguezbrian@example.com,United Kingdom,2025-08-12 02:38:08,Social Media
CUST_00765,Michael Vance,tjensen@example.com,Australia,2025-02-15 22:52:13,Organic Search
CUST_00766,Michelle Lambert,beltrankatelyn@example.com,France,2025-06-30 08:53:53,Organic Search
CUST_00767,Anna Lang,tdavis@example.net,Germany,2025-05-16 23:26:38,Paid Ads
CUST_00768,Pamela Ruiz,douglashuang@example.com,Australia,2025-01-29 05:25:25,Email Campaign
CUST_00769,Jenna Lyons,kristina57@example.com,Canada,2026-01-20 18:37:30,Social Media
CUST_00770,John Bell,ssingleton@example.com,United States,2025-01-30 02:25:12,Social Media
CUST_00771,Bethany Garcia,nguyendebra@example.com,United Kingdom,2025-03-25 08:13:47,Social Media
CUST_00772,Jennifer Gutierrez,amydickson@example.com,India,2025-12-19 21:40:50,Referral
CUST_00773,Daniel Benson,bmueller@example.net,Canada,2026-01-19 15:11:41,Referral
CUST_00774,Kimberly Young,stevensonjennifer@example.com,United Kingdom,2025-12-30 12:32:22,Paid Ads
CUST_00775,Kyle Nguyen,shortgregory@example.com,United Kingdom,2025-03-29 11:53:16,Paid Ads
CUST_00776,Brian Cervantes,pmurphy@example.net,India,2025-12-23 10:47:08,Social Media
CUST_00777,Daniel Taylor,shermandonna@example.com,United States,2025-05-25 15:00:08,Social Media
CUST_00778,Jean Lane,jamierich@example.com,France,2025-08-18 03:39:02,Paid Ads
CUST_00779,Susan Torres,wrobbins@example.org,France,2025-05-17 07:27:44,Email Campaign
CUST_00780,Lisa Dixon,melissabrown@example.net,France,2025-11-29 04:57:59,Social Media
CUST_00781,April Castro,daniel40@example.org,Germany,2025-03-09 08:54:33,Organic Search
CUST_00782,Kevin Garrett,bsullivan@example.net,Canada,2025-05-24 12:34:16,Email Campaign
CUST_00783,Christopher Taylor,xbridges@example.com,Canada,2025-09-09 08:22:20,Organic Search
CUST_00784,Zachary Santiago,alexanderwong@example.org,Germany,2025-07-22 13:23:23,Paid Ads
CUST_00785,Katelyn Kim,christophermay@example.com,Australia,2025-12-13 23:45:13,Social Media
CUST_00786,Stephanie Dominguez,dhanson@example.net,United Kingdom,2025-09-14 00:39:39,Referral
CUST_00787,Robert Cruz,jacobjacobs@example.net,United Kingdom,2025-01-09 21:10:39,Social Media
CUST_00788,Dr. Michael Adams DVM,arthur09@example.com,United States,2025-07-03 12:59:57,Organic Search
CUST_00789,Ashley Olson,thomasjessica@example.com,United Kingdom,2025-12-28 11:35:29,Paid Ads
CUST_00790,Blake Wu,sanchezcrystal@example.net,India,2025-11-11 21:30:48,Referral
CUST_00791,Angela Schultz,chloe58@example.org,India,2025-08-30 13:02:56,Organic Search
CUST_00792,Jose Harrison,robert44@example.org,United Kingdom,2025-08-18 03:53:58,Referral
CUST_00793,Thomas Curry,bryan79@example.org,Canada,2025-06-21 12:55:41,Paid Ads
CUST_00794,Mary Carter,mitchellchristopher@example.net,Canada,2026-01-07 09:57:24,Email Campaign
CUST_00795,Richard King,joshua40@example.net,Germany,2025-10-18 04:52:18,Referral
CUST_00796,Christopher Vargas,donnawood@example.org,Australia,2026-01-01 16:52:17,Referral
CUST_00797,Michael Washington,cooperchristopher@example.org,Australia,2025-06-19 15:29:15,Paid Ads
CUST_00798,Samantha Monroe,ptownsend@example.net,France,2025-03-05 14:10:23,Email Campaign
CUST_00799,Mark Clark,brian41@example.org,United States,2025-10-09 00:09:31,Referral
CUST_00800,James Turner,noahthornton@example.com,United States,2025-03-29 03:43:24,Referral
CUST_00801,Joseph Graham,sara76@example.net,Canada,2026-01-28 14:57:42,Referral
CUST_00802,Joseph Blanchard,hardindana@example.com,Canada,2025-04-27 09:27:03,Social Media
CUST_00803,Marissa Nelson,joseph14@example.net,United States,2025-12-10 04:30:17,Paid Ads
CUST_00804,Julia Leonard,jessicachapman@example.org,United States,2026-01-15 16:24:49,Referral
CUST_00805,Megan Kaiser,amy01@example.org,Australia,2025-12-13 00:23:57,Organic Search
CUST_00806,Joseph Jennings,jeffrey44@example.org,Canada,2025-12-19 04:35:26,Referral
CUST_00807,Manuel Brown,stephanielittle@example.net,Germany,2025-11-19 16:04:31,Referral
CUST_00808,Angelica Jacobs,pdouglas@example.net,France,2025-02-14 20:17:29,Email Campaign
CUST_00809,Cathy Rodriguez,jonowens@example.org,India,2025-08-28 08:41:49,Organic Search
CUST_00810,Tammy Hill,qschwartz@example.com,United Kingdom,2025-11-04 13:01:08,Organic Search
CUST_00811,Richard Ramirez,reyesmarvin@example.org,France,2025-06-19 05:58:29,Organic Search
CUST_00812,Robert Thompson,vasquezsarah@example.net,Germany,2025-02-05 04:15:47,Social Media
CUST_00813,Matthew Rodriguez,probinson@example.org,France,2025-02-19 12:34:15,Organic Search
CUST_00814,Michelle Garcia,jonesjessica@example.com,Germany,2025-02-23 14:36:36,Organic Search
CUST_00815,Jonathan Delgado,fitzpatrickelizabeth@example.com,Germany,2025-08-11 23:45:31,Paid Ads
CUST_00816,Gary Myers,robertsonshelby@example.com,Australia,2025-04-16 04:34:37,Email Campaign
CUST_00817,Jared Luna,fernandezaaron@example.net,Germany,2025-10-18 20:27:26,Email Campaign
CUST_00818,Karen Bradley,mathew46@example.org,Germany,2025-10-21 05:02:31,Organic Search
CUST_00819,Tina Davis,christopher74@example.net,India,2025-04-14 07:06:34,Social Media
CUST_00820,Julian Ponce,kentprice@example.org,Canada,2025-04-03 03:28:57,Referral
CUST_00821,Heather Miller,imoss@example.org,France,2025-11-02 07:08:38,Paid Ads
CUST_00822,Nathan Watkins,yprice@example.net,Australia,2025-06-22 23:14:47,Organic Search
CUST_00823,Kathryn Hanna,blevy@example.org,United Kingdom,2025-01-18 15:49:01,Email Campaign
CUST_00824,George Le,zwilson@example.net,France,2025-11-26 10:19:10,Email Campaign
CUST_00825,Judy Gregory,joycehall@example.org,Canada,2025-06-28 09:14:54,Email Campaign
CUST_00826,Charles Valdez,nmeadows@example.org,Canada,2025-09-26 20:53:06,Social Media
CUST_00827,Matthew Smith,conwaylori@example.org,India,2025-05-27 09:31:48,Organic Search
CUST_00828,Christopher Garza,wilsonbrooke@example.net,Australia,2025-01-26 00:34:27,Email Campaign
CUST_00829,Robert Simmons,rnguyen@example.net,Canada,2025-01-13 03:39:31,Paid Ads
CUST_00830,Erica Oconnell,kathrynwatkins@example.com,United States,2025-02-22 06:23:36,Referral
CUST_00831,Donald Todd,heathertran@example.com,Germany,2025-01-27 01:54:25,Referral
CUST_00832,Kevin Anderson,bstrickland@example.com,Canada,2025-02-07 19:23:32,Organic Search
CUST_00833,Adam Howe,robert72@example.org,Germany,2025-11-09 10:46:10,Paid Ads
CUST_00834,Devin Cole,sharonbishop@example.org,Australia,2025-06-18 18:11:29,Organic Search
CUST_00835,Michelle Salazar,burtonkimberly@example.com,France,2025-04-19 20:18:59,Social Media
CUST_00836,Justin Lee,montgomerymichelle@example.net,Australia,2025-07-01 21:05:13,Referral
CUST_00837,Julie Sims,joshualee@example.org,France,2025-09-05 16:47:44,Referral
CUST_00838,Tracy Wells,ernestlivingston@example.org,Canada,2025-09-07 01:37:51,Social Media
CUST_00839,Dominique Hamilton,christina70@example.org,India,2025-04-22 06:34:04,Referral
CUST_00840,Tammy Thompson,washingtondarren@example.org,Germany,2025-06-21 16:32:07,Social Media
CUST_00841,Leslie Nguyen,julievillanueva@example.org,United States,2025-08-02 17:14:27,Referral
CUST_00842,Erika Garcia,ykane@example.org,India,2025-05-17 00:43:09,Email Campaign
CUST_00843,Kevin Brown,nthomas@example.com,United States,2026-01-20 23:02:28,Social Media
CUST_00844,James Ellis,crystalcantrell@example.org,Australia,2025-10-24 01:14:14,Referral
CUST_00845,Andrew Carroll,derek77@example.com,India,2025-09-05 13:38:27,Email Campaign
CUST_00846,Greg Tanner,kristinelittle@example.net,Canada,2025-11-14 02:30:09,Social Media
CUST_00847,Laura Tran,christophervincent@example.com,Canada,2025-10-20 09:43:35,Referral
CUST_00848,Cindy Wells,uramirez@example.com,Canada,2026-01-03 19:01:50,Paid Ads
CUST_00849,Danielle Murphy,patriciavargas@example.org,Australia,2025-08-22 14:07:59,Paid Ads
CUST_00850,Stephanie Butler,williamsthomas@example.net,United States,2025-12-26 15:24:52,Referral
CUST_00851,Joseph Mendoza,chavezjohn@example.net,Germany,2025-11-17 12:51:57,Referral
CUST_00852,Melissa Russell,davidphillips@example.net,Germany,2025-04-15 03:40:12,Paid Ads
CUST_00853,Mrs. Maureen Martin DDS,braysteven@example.org,Canada,2025-07-18 01:27:48,Social Media
CUST_00854,Jennifer Clarke,courtney01@example.com,Germany,2025-03-03 09:58:46,Social Media
CUST_00855,Faith Johnson,smullins@example.net,France,2025-03-13 19:39:13,Paid Ads
CUST_00856,Rebecca French,olivermatthew@example.org,United Kingdom,2025-02-10 00:42:44,Email Campaign
CUST_00857,Susan Cox,rodriguezmichael@example.net,Australia,2025-01-31 17:13:11,Organic Search
CUST_00858,Jacob Wong,castrokim@example.org,Australia,2025-05-27 03:37:04,Referral
CUST_00859,Mrs. Ashley Mendoza,karenhodges@example.com,Germany,2025-06-18 13:28:52,Paid Ads
CUST_00860,Derek Frazier,brian55@example.com,United Kingdom,2025-09-16 14:54:16,Organic Search
CUST_00861,Mr. Bryan Mckinney,shannon51@example.org,Canada,2025-06-14 12:22:58,Organic Search
CUST_00862,Judith Miller,keithfrye@example.org,Canada,2026-01-07 23:43:55,Referral
CUST_00863,Brian Hernandez,nancymeyer@example.net,Germany,2025-06-08 20:24:04,Paid Ads
CUST_00864,Jason Fleming,thomasfisher@example.net,Australia,2025-09-07 19:20:17,Social Media
CUST_00865,Dorothy Brown,marystone@example.com,Germany,2025-10-23 16:02:57,Referral
CUST_00866,Grant Lucas,todd88@example.com,United Kingdom,2025-10-07 01:05:00,Social Media
CUST_00867,Keith Villanueva,george43@example.com,France,2025-10-07 08:15:41,Email Campaign
CUST_00868,Dwayne Bruce,michaelbryant@example.org,United States,2025-12-28 22:56:43,Email Campaign
CUST_00869,Caitlyn Nichols,teresafranco@example.net,Canada,2025-09-06 17:34:51,Social Media
CUST_00870,Rebecca Martin,williamsleslie@example.org,Germany,2025-09-01 01:17:21,Organic Search
CUST_00871,Jacob Harris,wadetiffany@example.org,India,2025-06-21 20:50:53,Paid Ads
CUST_00872,Joshua Martin,david06@example.com,United Kingdom,2025-01-13 14:21:39,Referral
CUST_00873,Theresa Reilly,adamrodgers@example.net,United Kingdom,2025-11-21 08:13:10,Paid Ads
CUST_00874,Michael Wells,tara92@example.net,United Kingdom,2025-06-02 09:16:47,Paid Ads
CUST_00875,Tammy Morgan,dennisrachel@example.org,France,2025-10-23 00:43:35,Paid Ads
CUST_00876,Audrey Johnson,seandavis@example.org,France,2026-01-23 19:39:15,Social Media
CUST_00877,Christie Fox,james18@example.com,Australia,2025-07-19 20:55:06,Email Campaign
CUST_00878,Tina Daugherty,ulee@example.net,Germany,2026-01-17 01:21:52,Paid Ads
CUST_00879,Terri Kerr,raymond65@example.com,Canada,2025-10-01 13:02:22,Paid Ads
CUST_00880,Dustin Bell,fsawyer@example.org,Canada,2026-01-15 06:52:33,Referral
CUST_00881,Jill Riddle,zroberts@example.net,France,2025-02-15 14:50:41,Organic Search
CUST_00882,Jessica Mosley,maryharper@example.org,Australia,2025-02-27 17:37:09,Organic Search
CUST_00883,John Dillon,carl96@example.org,Germany,2025-01-05 23:00:11,Paid Ads
CUST_00884,Mark Nelson,angelapage@example.org,United States,2025-06-29 18:13:52,Paid Ads
CUST_00885,Ronnie Roberts,twilliams@example.net,Canada,2025-01-08 02:24:33,Referral
CUST_00886,Justin Ford,moodyeric@example.com,United Kingdom,2025-12-21 04:38:10,Organic Search
CUST_00887,Sandra Kennedy,robert73@example.org,India,2026-01-11 07:34:41,Email Campaign
CUST_00888,Donald Gamble,georgemichael@example.com,United States,2025-01-13 05:15:41,Referral
CUST_00889,Sheena Burton,hmccann@example.com,United States,2025-11-16 11:54:20,Organic Search
CUST_00890,Laura Bruce,bonniethomas@example.com,France,2025-08-02 09:32:18,Social Media
CUST_00891,Brandy Martin,michael50@example.com,France,2025-01-14 07:33:40,Email Campaign
CUST_00892,Mark Jones,katiewhite@example.org,United States,2025-05-20 05:46:34,Organic Search
CUST_00893,Carol Morris,margaret44@example.net,Canada,2025-04-26 15:39:01,Paid Ads
CUST_00894,Heidi Ferguson,madeline02@example.net,Australia,2025-07-16 01:24:58,Social Media
CUST_00895,Richard Jenkins,curtismoore@example.org,Australia,2025-07-27 15:17:39,Email Campaign
CUST_00896,Rebecca Hansen,butlersabrina@example.org,United Kingdom,2025-03-03 09:01:31,Email Campaign
CUST_00897,Tammy Mendoza,hannah27@example.net,France,2025-12-23 12:20:17,Paid Ads
CUST_00898,Tracy Jackson,anthony13@example.org,United Kingdom,2025-06-25 10:17:03,Organic Search
CUST_00899,Brenda Perez,jasonzavala@example.com,United States,2025-01-25 14:38:31,Email Campaign
CUST_00900,Rachel Jones,ctodd@example.org,Germany,2025-10-22 13:59:37,Referral
CUST_00901,Ricky Palmer,harrisonrebekah@example.org,United States,2026-01-05 17:22:41,Organic Search
CUST_00902,Michael Webster,morajamie@example.org,United States,2025-05-14 02:49:17,Email Campaign
CUST_00903,Gregory Davis,stacy55@example.org,India,2025-12-04 00:39:43,Social Media
CUST_00904,Phyllis Austin,garciabelinda@example.org,France,2025-03-16 01:40:24,Organic Search
CUST_00905,Michelle Brandt,rachelmedina@example.net,Canada,2025-06-28 11:09:28,Referral
CUST_00906,Daniel Gordon,lrichardson@example.org,United Kingdom,2026-01-05 07:58:04,Organic Search
CUST_00907,Tyler White,tina63@example.net,India,2025-02-27 17:56:53,Social Media
CUST_00908,Brian Rollins,owensapril@example.com,Canada,2025-01-26 13:20:01,Social Media
CUST_00909,Michele Hawkins,millertristan@example.com,Canada,2025-01-13 03:53:16,Referral
CUST_00910,Kyle Collins,aperez@example.com,Australia,2025-04-22 23:55:31,Email Campaign
CUST_00911,Mrs. Shannon Jacobson,xcrosby@example.org,United Kingdom,2025-03-01 18:13:07,Paid Ads
CUST_00912,Michael Powers,qkim@example.net,France,2025-07-06 18:43:35,Email Campaign
CUST_00913,Charles Morales,figueroapatricia@example.org,Germany,2025-09-15 15:53:32,Paid Ads
CUST_00914,William Morgan,bmartinez@example.net,France,2025-03-02 21:59:53,Social Media
CUST_00915,Dr. Ralph Wheeler DDS,qkelly@example.net,United States,2025-02-11 16:58:26,Email Campaign
CUST_00916,Victoria Dixon,katrinarodriguez@example.com,Australia,2025-06-30 07:28:40,Organic Search
CUST_00917,David Dunlap Jr.,greertyrone@example.org,France,2025-09-22 13:06:32,Referral
CUST_00918,Janet Shelton,kevinhanson@example.org,Australia,2025-11-05 03:04:50,Social Media
CUST_00919,Kelly Vasquez,qharris@example.com,India,2025-01-24 00:15:44,Social Media
CUST_00920,Dennis Cooper PhD,cisnerosanthony@example.com,Germany,2025-12-16 22:51:51,Paid Ads
CUST_00921,Barbara Cole,cramos@example.org,France,2025-10-04 08:48:05,Email Campaign
CUST_00922,Matthew Chan,travistaylor@example.net,Canada,2025-12-02 10:13:45,Referral
CUST_00923,Phillip Carroll,rkeller@example.net,United States,2025-10-23 05:04:08,Referral
CUST_00924,Karen Dickerson,myerstroy@example.com,Australia,2025-08-18 10:16:21,Paid Ads
CUST_00925,Heather Levine,bryan90@example.org,United States,2025-02-27 02:15:50,Social Media
CUST_00926,Hannah Harmon,hubbardcolleen@example.com,Germany,2025-04-30 18:53:13,Paid Ads
CUST_00927,Gregory Howard,brian33@example.org,United Kingdom,2025-10-30 15:04:48,Social Media
CUST_00928,Leslie Lozano,meltondanny@example.org,United States,2025-03-24 18:15:11,Organic Search
CUST_00929,Gabriel Murray,abradley@example.com,Germany,2025-08-28 10:31:18,Social Media
CUST_00930,John Johnson,nicholas65@example.net,United States,2025-07-29 12:48:39,Paid Ads
CUST_00931,John Vazquez,matthewshaw@example.net,Canada,2025-03-09 19:20:18,Email Campaign
CUST_00932,Lucas Cox,oharris@example.org,France,2025-12-15 15:03:09,Referral
CUST_00933,Kimberly Mitchell,evansashley@example.org,United States,2025-11-13 22:29:41,Organic Search
CUST_00934,Tina Robbins,vargasjoshua@example.net,United Kingdom,2025-03-11 14:36:58,Referral
CUST_00935,Karen Clark,pearsonkevin@example.com,France,2025-03-14 06:50:36,Referral
CUST_00936,Joshua Gonzalez,gking@example.com,Australia,2025-09-09 23:49:10,Email Campaign
CUST_00937,Kimberly Ibarra,barbaralewis@example.net,United Kingdom,2025-01-10 14:02:44,Email Campaign
CUST_00938,Debra Little,umichael@example.net,Australia,2025-10-29 05:06:27,Organic Search
CUST_00939,Curtis Ford,edwardjennings@example.com,France,2025-07-08 13:02:54,Referral
CUST_00940,Jennifer Dalton,waltersmeghan@example.com,India,2025-05-12 17:15:17,Email Campaign
CUST_00941,Maria Scott,richardwilson@example.org,Canada,2025-05-12 15:44:29,Social Media
CUST_00942,Robert Collins,bcastro@example.com,United Kingdom,2025-08-22 21:29:37,Email Campaign
CUST_00943,Amanda Moore,anthonyclarke@example.com,United States,2025-04-24 08:25:20,Paid Ads
CUST_00944,Casey Phelps,dcasey@example.org,United Kingdom,2025-12-04 14:57:10,Email Campaign
CUST_00945,Edward Brown,qmosley@example.net,Germany,2025-08-21 19:47:13,Organic Search
CUST_00946,Jennifer Larsen,joelduncan@example.net,United Kingdom,2025-10-08 11:51:22,Paid Ads
CUST_00947,Kelly Calderon,tyler13@example.net,France,2026-01-21 02:25:38,Referral
CUST_00948,Robert Murphy,vshaffer@example.org,Germany,2025-06-01 21:16:59,Organic Search
CUST_00949,Claudia Rodriguez,taragonzales@example.com,United Kingdom,2025-04-16 05:42:28,Organic Search
CUST_00950,Amy Ferguson,stewartrodney@example.net,United Kingdom,2025-11-04 08:13:59,Referral
CUST_00951,Donald Mueller,michaelbaldwin@example.com,Australia,2025-10-23 01:39:43,Social Media
CUST_00952,Walter Obrien,vazquezkristina@example.org,United Kingdom,2025-12-08 22:21:00,Email Campaign
CUST_00953,James Fowler,rebecca18@example.org,United Kingdom,2025-04-16 17:32:38,Social Media
CUST_00954,Jasmine Browning,qpennington@example.com,Germany,2025-06-06 00:08:35,Social Media
CUST_00955,Rodney Young,michelemartin@example.com,Germany,2025-05-18 23:23:55,Social Media
CUST_00956,Sherry Wang,rmccormick@example.org,India,2025-08-15 08:59:14,Email Campaign
CUST_00957,Teresa Ruiz,vhouse@example.net,United Kingdom,2025-07-08 07:06:59,Email Campaign
CUST_00958,Thomas Garcia,hollyhunter@example.com,Australia,2025-08-06 17:10:24,Email Campaign
CUST_00959,Nicholas Kelley,shawn00@example.net,United States,2025-10-11 12:22:58,Referral
CUST_00960,Lorraine Gibbs,aarongonzalez@example.com,France,2025-06-05 04:32:34,Referral
CUST_00961,Bradley Moore,melaniejennings@example.com,India,2025-05-20 18:05:10,Referral
CUST_00962,Shane Anderson,graceserrano@example.com,India,2025-01-21 21:45:09,Email Campaign
CUST_00963,Jason White,kduffy@example.org,Germany,2025-06-12 20:07:45,Social Media
CUST_00964,Alexander Hansen,rebeccamccann@example.org,Australia,2025-02-23 17:12:39,Email Campaign
CUST_00965,Samuel Williams,jburke@example.org,Canada,2026-01-23 19:41:11,Social Media
CUST_00966,Carolyn Bradley,higginsryan@example.com,United Kingdom,2025-07-07 23:36:05,Paid Ads
CUST_00967,Kathleen Walker,jamesatkins@example.com,Australia,2025-11-25 15:40:36,Email Campaign
CUST_00968,Johnny Anderson,carolcarney@example.com,Germany,2025-02-27 10:48:36,Referral
CUST_00969,Chelsey White,anthonycherry@example.org,France,2026-01-08 05:34:56,Email Campaign
CUST_00970,Susan Wood,emiller@example.org,Australia,2026-01-29 11:56:38,Email Campaign
CUST_00971,Valerie Sanders,jennifererickson@example.net,Australia,2025-01-29 13:21:08,Social Media
CUST_00972,Angel Hawkins,cookjimmy@example.com,United States,2025-03-08 00:10:41,Paid Ads
CUST_00973,Teresa Coffey DDS,smithwilliam@example.com,Canada,2025-10-03 17:50:38,Referral
CUST_00974,James Wood,carpenterjorge@example.net,France,2025-02-04 09:45:00,Email Campaign
CUST_00975,Gerald Mcdonald Jr.,hthomas@example.com,Australia,2025-09-15 13:24:37,Email Campaign
CUST_00976,Carl Savage,julie64@example.com,United States,2025-03-24 06:56:58,Organic Search
CUST_00977,Pam Baker,ryan25@example.net,Canada,2025-07-20 23:13:58,Referral
CUST_00978,Pamela Hernandez DVM,jbrown@example.org,Germany,2025-06-21 16:19:48,Social Media
CUST_00979,Andrew Green,fgraham@example.org,Germany,2025-10-31 19:16:09,Referral
CUST_00980,William Hoffman,uvasquez@example.org,Canada,2026-01-24 17:21:30,Social Media
CUST_00981,Brandon Oneill,marybrady@example.com,Germany,2025-01-20 01:52:51,Organic Search
CUST_00982,Mary Lewis,foxashley@example.com,Germany,2025-08-18 11:15:20,Organic Search
CUST_00983,Danielle Jimenez,clayanthony@example.net,Australia,2025-04-01 03:41:21,Paid Ads
CUST_00984,Mrs. Jacqueline Hickman,hooderic@example.org,United Kingdom,2025-09-28 13:19:00,Social Media
CUST_00985,Michael Castillo,brooke05@example.org,Australia,2025-12-20 16:00:55,Paid Ads
CUST_00986,Tiffany Nguyen,jasonwilliams@example.net,United Kingdom,2026-01-11 02:23:35,Email Campaign
CUST_00987,Robert Manning,qdavis@example.org,Germany,2025-03-17 19:49:30,Email Campaign
CUST_00988,Randy Ross,phelpsfrank@example.com,United States,2025-09-05 16:54:12,Social Media
CUST_00989,Paul Valdez,evanslaurie@example.net,Australia,2025-02-04 16:57:08,Organic Search
CUST_00990,Emily Cohen,michaeldavis@example.com,Australia,2025-01-18 13:01:01,Social Media
CUST_00991,Katherine Mcclure,madams@example.com,India,2025-03-26 22:40:05,Paid Ads
CUST_00992,Jay Richardson,ryansimmons@example.org,France,2025-07-09 10:52:00,Paid Ads
CUST_00993,Valerie Rhodes,sarahrose@example.net,United Kingdom,2025-05-05 09:08:45,Referral
CUST_00994,Donna Kim,ievans@example.net,Germany,2025-11-28 04:06:04,Paid Ads
CUST_00995,Sarah Mills,ashley81@example.org,India,2025-11-11 14:37:53,Paid Ads
CUST_00996,Kayla Gutierrez,kguerrero@example.com,India,2025-05-25 18:30:14,Email Campaign
CUST_00997,Kevin Mack,wilsondorothy@example.org,United States,2025-11-04 06:11:24,Referral
CUST_00998,Sarah Williams,tmcdowell@example.com,Germany,2025-06-03 06:23:38,Referral
CUST_00999,Jordan Santiago,matthew23@example.org,Germany,2025-11-30 15:26:43,Organic Search
CUST_01000,William Green,hamiltonandrew@example.com,Canada,2025-06-16 20:05:22,Social Media
